-- phpMyAdmin SQL Dump
-- version 4.8.3
-- https://www.phpmyadmin.net/
--
-- Host: 127.0.0.1
-- Generation Time: Feb 13, 2022 at 03:09 PM
-- Server version: 10.1.37-MariaDB
-- PHP Version: 7.2.12

SET SQL_MODE = "NO_AUTO_VALUE_ON_ZERO";
SET AUTOCOMMIT = 0;
START TRANSACTION;
SET time_zone = "+00:00";


/*!40101 SET @OLD_CHARACTER_SET_CLIENT=@@CHARACTER_SET_CLIENT */;
/*!40101 SET @OLD_CHARACTER_SET_RESULTS=@@CHARACTER_SET_RESULTS */;
/*!40101 SET @OLD_COLLATION_CONNECTION=@@COLLATION_CONNECTION */;
/*!40101 SET NAMES utf8mb4 */;

--
-- Database: `onekmi2021`
--

-- --------------------------------------------------------

--
-- Table structure for table `filename_virtual_bike`
--

CREATE TABLE `filename_virtual_bike` (
  `intVirtualBikeID` int(11) NOT NULL,
  `imgName` varchar(255) NOT NULL,
  `TimeStamp` datetime NOT NULL DEFAULT CURRENT_TIMESTAMP ON UPDATE CURRENT_TIMESTAMP
) ENGINE=InnoDB DEFAULT CHARSET=latin1;

--
-- Dumping data for table `filename_virtual_bike`
--

INSERT INTO `filename_virtual_bike` (`intVirtualBikeID`, `imgName`, `TimeStamp`) VALUES
(1, '1621039182.jpg', '2021-05-15 00:39:42'),
(2, '1621039440.jpg', '2021-05-15 00:44:00'),
(3, '1621040357.jpg', '2021-05-15 00:59:17'),
(4, '1621043099.jpg', '2021-05-15 01:44:59'),
(5, '1621044018.jpg', '2021-05-15 02:00:18'),
(6, '1621045724.jpg', '2021-05-15 02:28:44'),
(7, '1621046076.jpg', '2021-05-15 02:34:36'),
(8, '1621047907.jpg', '2021-05-15 03:05:07'),
(9, '1621048127.jpg', '2021-05-15 03:08:47'),
(10, '1621048264.jpg', '2021-05-15 03:11:04'),
(11, '1621049188.jpg', '2021-05-15 03:26:28'),
(12, '1621075840.jpg', '2021-05-15 10:50:40'),
(13, '1621075965.jpg', '2021-05-15 10:52:45'),
(14, '1621080066.jpg', '2021-05-15 12:01:06'),
(15, '1621083065.jpg', '2021-05-15 12:51:05'),
(16, '1621091726.jpg', '2021-05-15 15:15:26'),
(17, '1621103256.jpg', '2021-05-15 18:27:36'),
(18, '1621119870.jpg', '2021-05-15 23:04:30'),
(19, '1621122758.jpg', '2021-05-15 23:52:38'),
(20, '1621126398.jpg', '2021-05-16 00:53:18'),
(21, '1621126784.jpg', '2021-05-16 00:59:44'),
(22, '1621126858.jpg', '2021-05-16 01:00:58'),
(23, '1621128888.jpg', '2021-05-16 01:34:48'),
(24, '1621128891.jpg', '2021-05-16 01:34:51'),
(25, '1621134090.jpg', '2021-05-16 03:01:30'),
(26, '1621135300.jpg', '2021-05-16 03:21:40'),
(27, '1621135619.jpg', '2021-05-16 03:26:59'),
(28, '1621136579.jpg', '2021-05-16 03:42:59'),
(29, '1621138599.jpg', '2021-05-16 04:16:39'),
(30, '1621144583.jpg', '2021-05-16 05:56:23'),
(31, '1621145994.jpg', '2021-05-16 06:19:54'),
(32, '1621148418.jpg', '2021-05-16 07:00:18'),
(33, '1621148449.jpg', '2021-05-16 07:00:49'),
(34, '1621155148.jpg', '2021-05-16 08:52:28'),
(35, '1621158959.jpg', '2021-05-16 09:55:59'),
(36, '1621161360.jpg', '2021-05-16 10:36:00'),
(37, '1621205457.jpg', '2021-05-16 22:50:57'),
(38, '1621208630.jpg', '2021-05-16 23:43:50'),
(39, '1621209798.jpg', '2021-05-17 00:03:18'),
(40, '1621211634.jpg', '2021-05-17 07:33:54'),
(41, '1621213193.jpg', '2021-05-17 07:59:53'),
(43, '1621226273.jpg', '2021-05-17 11:37:53'),
(44, '1621246923.jpg', '2021-05-17 17:22:03'),
(45, '1621247815.jpg', '2021-05-17 17:36:55'),
(46, '1621249048.jpg', '2021-05-17 17:57:28'),
(47, '1621266189.jpg', '2021-05-17 22:43:09'),
(48, '1621289527.jpg', '2021-05-18 05:12:07'),
(49, '1621289553.jpg', '2021-05-18 05:12:33'),
(50, '1621289568.jpg', '2021-05-18 05:12:48'),
(51, '1621334775.jpg', '2021-05-18 17:46:15'),
(52, '1621338786.jpg', '2021-05-18 18:53:06'),
(53, '1621345931.jpg', '2021-05-18 20:52:11'),
(54, '1621347161.jpg', '2021-05-18 21:12:41'),
(55, '1621349877.jpg', '2021-05-18 21:57:57'),
(56, '1621378971.jpg', '2021-05-19 06:02:51'),
(57, '1621379271.jpg', '2021-05-19 06:07:51'),
(58, '1621379882.jpg', '2021-05-19 06:18:02'),
(59, '1621383323.jpg', '2021-05-19 07:15:23'),
(60, '1621383350.jpg', '2021-05-19 07:15:50'),
(61, '1621383386.jpg', '2021-05-19 07:16:26'),
(62, '1621393833.jpg', '2021-05-19 10:10:33'),
(63, '1621395434.jpg', '2021-05-19 10:37:14'),
(64, '1621421011.jpg', '2021-05-19 17:43:31'),
(65, '1621422399.jpg', '2021-05-19 18:06:39'),
(66, '1621423703.jpg', '2021-05-19 18:28:23'),
(67, '1621428689.jpg', '2021-05-19 19:51:29'),
(68, '1621434816.jpg', '2021-05-19 21:33:36'),
(69, '1621464752.jpg', '2021-05-20 05:52:32'),
(70, '1621467304.jpg', '2021-05-20 06:35:04'),
(71, '1621470967.jpg', '2021-05-20 07:36:07'),
(72, '1621481131.jpg', '2021-05-20 10:25:31'),
(73, '1621481131.jpg', '2021-05-20 10:25:31'),
(74, '1621489397.jpg', '2021-05-20 12:43:17'),
(75, '1621505648.jpg', '2021-05-20 17:14:08'),
(76, '1621515416.jpg', '2021-05-20 19:56:56'),
(77, '1621549846.jpg', '2021-05-21 05:30:46'),
(78, '1621552165.jpg', '2021-05-21 06:09:25'),
(79, '1621554153.jpg', '2021-05-21 06:42:33'),
(80, '1621555098.jpg', '2021-05-21 06:58:18'),
(81, '1621575541.jpg', '2021-05-21 12:39:01'),
(82, '1621577098.jpg', '2021-05-21 13:04:58'),
(83, '1621577115.jpg', '2021-05-21 13:05:15'),
(84, '1621601333.jpg', '2021-05-21 19:48:53'),
(85, '1621639319.jpg', '2021-05-22 06:21:59'),
(86, '1621641525.jpg', '2021-05-22 06:58:45'),
(87, '1621641544.jpg', '2021-05-22 06:59:04'),
(88, '1621641597.jpg', '2021-05-22 06:59:57'),
(89, '1621641613.jpg', '2021-05-22 07:00:13'),
(90, '1621641672.jpg', '2021-05-22 07:01:12'),
(91, '1621644299.jpg', '2021-05-22 07:44:59'),
(92, '1621646461.jpg', '2021-05-22 08:21:01'),
(93, '1621647312.jpg', '2021-05-22 08:35:12'),
(94, '1621649258.jpg', '2021-05-22 09:07:38'),
(95, '1621649523.jpg', '2021-05-22 09:12:03'),
(96, '1621651714.jpg', '2021-05-22 09:48:34'),
(97, '1621651732.jpg', '2021-05-22 09:48:52'),
(98, '1621651739.jpg', '2021-05-22 09:48:59'),
(99, '1621651752.jpg', '2021-05-22 09:49:12'),
(100, '1621653388.jpg', '2021-05-22 10:16:28'),
(101, '1621653807.jpg', '2021-05-22 10:23:27'),
(102, '1621677075.jpg', '2021-05-22 16:51:15'),
(103, '1621681766.jpg', '2021-05-22 18:09:26'),
(104, '1621684561.jpg', '2021-05-22 18:56:01'),
(105, '1621684572.jpg', '2021-05-22 18:56:12'),
(106, '1621685048.jpg', '2021-05-22 19:04:08'),
(107, '1621685065.jpg', '2021-05-22 19:04:25'),
(108, '1621685828.jpg', '2021-05-22 19:17:08'),
(109, '1621685838.jpg', '2021-05-22 19:17:18'),
(110, '1621687494.jpg', '2021-05-22 19:44:54'),
(111, '1621687518.jpg', '2021-05-22 19:45:18'),
(112, '1621700308.jpg', '2021-05-22 23:18:28'),
(113, '1621700351.jpg', '2021-05-22 23:19:11'),
(114, '1621700385.jpg', '2021-05-22 23:19:45'),
(115, '1621700420.jpg', '2021-05-22 23:20:20'),
(116, '1621700457.jpg', '2021-05-22 23:20:57'),
(117, '1621700528.jpg', '2021-05-22 23:22:08'),
(118, '1621700563.jpg', '2021-05-22 23:22:43'),
(119, '1621731813.jpg', '2021-05-23 08:03:33'),
(120, '1621732937.jpg', '2021-05-23 08:22:17'),
(121, '1621733243.jpg', '2021-05-23 08:27:23'),
(122, '1621733522.jpg', '2021-05-23 08:32:02'),
(123, '1621734125.jpg', '2021-05-23 08:42:05'),
(124, '1621735143.jpg', '2021-05-23 08:59:03'),
(125, '1621738286.jpg', '2021-05-23 09:51:26'),
(126, '1621741417.jpg', '2021-05-23 10:43:37'),
(127, '1621741442.jpg', '2021-05-23 10:44:02'),
(128, '1621749187.jpg', '2021-05-23 12:53:07'),
(129, '1621753912.jpg', '2021-05-23 14:11:52'),
(130, '1621753965.jpg', '2021-05-23 14:12:45'),
(131, '1621755673.jpg', '2021-05-23 14:41:13'),
(132, '1621765608.jpg', '2021-05-23 17:26:48'),
(133, '1621765608.jpg', '2021-05-23 17:26:48'),
(134, '1621811424.jpg', '2021-05-24 06:10:24'),
(135, '1621813366.jpg', '2021-05-24 06:42:46'),
(136, '1621820436.jpg', '2021-05-24 08:40:36'),
(137, '1621826011.jpg', '2021-05-24 10:13:31'),
(138, '1621834367.jpg', '2021-05-24 12:32:47'),
(139, '1621841228.jpg', '2021-05-24 14:27:08'),
(140, '1621841262.jpg', '2021-05-24 14:27:42'),
(141, '1621905104.jpg', '2021-05-25 08:11:44'),
(142, '1621911957.jpg', '2021-05-25 10:05:57'),
(143, '1621911981.jpg', '2021-05-25 10:06:21'),
(144, '1621916950.jpg', '2021-05-25 11:29:10'),
(145, '1621916979.jpg', '2021-05-25 11:29:39'),
(146, '1621917000.jpg', '2021-05-25 11:30:00'),
(147, '1621917019.jpg', '2021-05-25 11:30:19'),
(148, '1621917036.jpg', '2021-05-25 11:30:36'),
(149, '1621921285.jpg', '2021-05-25 12:41:25'),
(150, '1621950111.jpg', '2021-05-25 20:41:51'),
(151, '1621950224.jpg', '2021-05-25 20:43:44'),
(152, '1621983143.jpg', '2021-05-26 05:52:23'),
(153, '1621984061.jpg', '2021-05-26 06:07:41'),
(154, '1621986073.jpg', '2021-05-26 06:41:13'),
(155, '1621987513.jpg', '2021-05-26 07:05:13'),
(156, '1621987605.jpg', '2021-05-26 07:06:45'),
(157, '1621989084.jpg', '2021-05-26 07:31:24'),
(158, '1621993663.jpg', '2021-05-26 08:47:43'),
(159, '1621994344.jpg', '2021-05-26 08:59:04'),
(160, '1621997256.jpg', '2021-05-26 09:47:36'),
(161, '1622006384.jpg', '2021-05-26 12:19:44'),
(162, '1622007566.jpg', '2021-05-26 12:39:26'),
(163, '1622009154.jpg', '2021-05-26 13:05:54'),
(164, '1622013241.jpg', '2021-05-26 14:14:01'),
(165, '1622022097.jpg', '2021-05-26 16:41:37'),
(166, '1622022836.jpg', '2021-05-26 16:53:56'),
(167, '1622023237.jpg', '2021-05-26 17:00:37'),
(168, '1622025939.jpg', '2021-05-26 17:45:39'),
(169, '1622026042.jpg', '2021-05-26 17:47:22'),
(170, '1622069979.jpg', '2021-05-27 05:59:39'),
(171, '1622076636.jpg', '2021-05-27 07:50:36'),
(172, '1622081853.jpg', '2021-05-27 09:17:33'),
(173, '1622081881.jpg', '2021-05-27 09:18:01'),
(174, '1622081909.jpg', '2021-05-27 09:18:29'),
(175, '1622084969.jpg', '2021-05-27 10:09:29'),
(176, '1622108887.jpg', '2021-05-27 16:48:07'),
(177, '1622110988.jpg', '2021-05-27 17:23:08'),
(178, '1622111548.jpg', '2021-05-27 17:32:28'),
(179, '1622111817.jpg', '2021-05-27 17:36:57'),
(180, '1622123308.jpg', '2021-05-27 20:48:28'),
(181, '1622156673.jpg', '2021-05-28 06:04:33'),
(182, '1622160928.jpg', '2021-05-28 07:15:28'),
(183, '1622166838.jpg', '2021-05-28 08:53:58'),
(184, '1622168150.jpg', '2021-05-28 09:15:50'),
(185, '1622173583.jpg', '2021-05-28 10:46:23'),
(186, '1622174736.jpg', '2021-05-28 11:05:36'),
(187, '1622174736.jpg', '2021-05-28 11:05:36'),
(188, '1622192428.jpg', '2021-05-28 16:00:28'),
(189, '1622197543.jpg', '2021-05-28 17:25:43'),
(190, '1622217557.jpg', '2021-05-28 22:59:17'),
(191, '1622245331.jpg', '2021-05-29 06:42:11'),
(192, '1622246629.jpg', '2021-05-29 07:03:49'),
(193, '1622248037.jpg', '2021-05-29 07:27:17'),
(194, '1622251556.jpg', '2021-05-29 08:25:56'),
(195, '1622256941.jpg', '2021-05-29 09:55:41'),
(196, '1622257377.jpg', '2021-05-29 10:02:57'),
(197, '1622263930.jpg', '2021-05-29 11:52:10'),
(198, '1622265490.jpg', '2021-05-29 12:18:10'),
(199, '1622335487.jpg', '2021-05-30 07:44:47'),
(200, '1622335518.jpg', '2021-05-30 07:45:18'),
(201, '1622335544.jpg', '2021-05-30 07:45:44'),
(202, '1622335567.jpg', '2021-05-30 07:46:07'),
(203, '1622335655.jpg', '2021-05-30 07:47:35'),
(204, '1622336777.jpg', '2021-05-30 08:06:17'),
(205, '1622341469.jpg', '2021-05-30 09:24:29'),
(206, '1622343524.jpg', '2021-05-30 09:58:44'),
(207, '1622344205.jpg', '2021-05-30 10:10:05'),
(208, '1622344965.jpg', '2021-05-30 10:22:45'),
(209, '1622357234.jpg', '2021-05-30 13:47:14'),
(210, '1622357649.jpg', '2021-05-30 13:54:09'),
(211, '1622371718.jpg', '2021-05-30 17:48:38'),
(212, '1622373327.jpg', '2021-05-30 18:15:27'),
(213, '1622377749.jpg', '2021-05-30 19:29:09'),
(214, '1622416870.jpg', '2021-05-31 06:21:10'),
(215, '1622421236.jpg', '2021-05-31 07:33:56'),
(216, '1622423290.jpg', '2021-05-31 08:08:10'),
(217, '1622457077.jpg', '2021-05-31 17:31:17'),
(218, '1622460010.jpg', '2021-05-31 18:20:10'),
(219, '1622505833.jpg', '2021-06-01 07:03:53'),
(220, '1622507766.jpg', '2021-06-01 07:36:06'),
(221, '1622507828.jpg', '2021-06-01 07:37:08'),
(222, '1622509918.jpg', '2021-06-01 08:11:58'),
(223, '1622509939.jpg', '2021-06-01 08:12:19'),
(224, '1622510057.jpg', '2021-06-01 08:14:17'),
(225, '1622516244.jpg', '2021-06-01 09:57:24'),
(226, '1622516449.jpg', '2021-06-01 10:00:49'),
(227, '1622517662.jpg', '2021-06-01 10:21:02'),
(228, '1622518278.jpg', '2021-06-01 10:31:18'),
(229, '1622518341.jpg', '2021-06-01 10:32:21'),
(230, '1622518361.jpg', '2021-06-01 10:32:41'),
(231, '1622520594.jpg', '2021-06-01 11:09:54'),
(232, '1622526170.jpg', '2021-06-01 12:42:50'),
(233, '1622528916.jpg', '2021-06-01 13:28:36'),
(234, '1622535556.jpg', '2021-06-01 15:19:16'),
(235, '1622542980.jpg', '2021-06-01 17:23:00'),
(236, '1622548588.jpg', '2021-06-01 18:56:28'),
(237, '1622551914.jpg', '2021-06-01 19:51:54'),
(238, '1622556495.jpg', '2021-06-01 21:08:15'),
(239, '1622585156.jpg', '2021-06-02 05:05:56'),
(240, '1622597179.jpg', '2021-06-02 08:26:19'),
(241, '1622611720.jpg', '2021-06-02 12:28:40'),
(242, '1622635542.jpg', '2021-06-02 19:05:42'),
(243, '1622644198.jpg', '2021-06-02 21:29:58'),
(244, '1622644229.jpg', '2021-06-02 21:30:29'),
(245, '1622674683.jpg', '2021-06-03 05:58:03'),
(246, '1622676228.jpg', '2021-06-03 06:23:48'),
(247, '1622676245.jpg', '2021-06-03 06:24:05'),
(248, '1622678474.jpg', '2021-06-03 07:01:14'),
(249, '1622680751.jpg', '2021-06-03 07:39:11'),
(250, '1622717177.jpg', '2021-06-03 17:46:17'),
(251, '1622721052.jpg', '2021-06-03 18:50:52'),
(252, '1622724223.jpg', '2021-06-03 19:43:43'),
(253, '1622728054.jpg', '2021-06-03 20:47:34'),
(254, '1622730004.jpg', '2021-06-03 21:20:04'),
(255, '1622762850.jpg', '2021-06-04 06:27:30'),
(256, '1622767581.jpg', '2021-06-04 07:46:21');

-- --------------------------------------------------------

--
-- Table structure for table `filename_virtual_run`
--

CREATE TABLE `filename_virtual_run` (
  `intVirtualRunID` int(11) NOT NULL,
  `imgName` varchar(255) NOT NULL,
  `TimeStamp` datetime NOT NULL DEFAULT CURRENT_TIMESTAMP ON UPDATE CURRENT_TIMESTAMP
) ENGINE=InnoDB DEFAULT CHARSET=latin1;

--
-- Dumping data for table `filename_virtual_run`
--

INSERT INTO `filename_virtual_run` (`intVirtualRunID`, `imgName`, `TimeStamp`) VALUES
(2, '1621036705.jpg', '2021-05-14 23:58:25'),
(3, '1621037296.jpg', '2021-05-15 00:08:16'),
(4, '1621037848.jpg', '2021-05-15 00:17:28'),
(5, '1621039070.jpg', '2021-05-15 00:37:50'),
(6, '1621040954.jpg', '2021-05-15 01:09:14'),
(7, '1621045002.jpg', '2021-05-15 02:16:42'),
(8, '1621054438.jpg', '2021-05-15 04:53:58'),
(9, '1621055307.jpg', '2021-05-15 05:08:27'),
(10, '1621072864.jpg', '2021-05-15 10:01:04'),
(11, '1621073287.jpg', '2021-05-15 10:08:07'),
(12, '1621082479.jpg', '2021-05-15 12:41:19'),
(13, '1621084173.jpg', '2021-05-15 13:09:33'),
(14, '1621123452.jpg', '2021-05-16 00:04:12'),
(15, '1621124394.jpg', '2021-05-16 00:19:54'),
(16, '1621124499.jpg', '2021-05-16 00:21:39'),
(17, '1621131077.jpg', '2021-05-16 02:11:17'),
(18, '1621131206.jpg', '2021-05-16 02:13:26'),
(19, '1621132996.jpg', '2021-05-16 02:43:16'),
(20, '1621133001.jpg', '2021-05-16 02:43:21'),
(21, '1621133012.jpg', '2021-05-16 02:43:32'),
(22, '1621133410.jpg', '2021-05-16 02:50:10'),
(23, '1621133903.jpg', '2021-05-16 02:58:23'),
(24, '1621133939.jpg', '2021-05-16 02:58:59'),
(25, '1621148282.jpg', '2021-05-16 06:58:02'),
(26, '1621148306.jpg', '2021-05-16 06:58:26'),
(27, '1621148380.jpg', '2021-05-16 06:59:40'),
(28, '1621148385.jpg', '2021-05-16 06:59:45'),
(29, '1621148385.jpg', '2021-05-16 06:59:45'),
(30, '1621149096.jpg', '2021-05-16 07:11:36'),
(31, '1621151187.jpg', '2021-05-16 07:46:27'),
(32, '1621152053.jpg', '2021-05-16 08:00:53'),
(33, '1621152176.jpg', '2021-05-16 08:02:56'),
(34, '1621159368.jpg', '2021-05-16 10:02:48'),
(35, '1621160425.jpg', '2021-05-16 10:20:25'),
(36, '1621160821.jpg', '2021-05-16 10:27:01'),
(37, '1621169252.jpg', '2021-05-16 12:47:32'),
(38, '1621174810.jpg', '2021-05-16 14:20:10'),
(39, '1621208522.jpg', '2021-05-16 23:42:02'),
(40, '1621209175.jpg', '2021-05-16 23:52:55'),
(41, '1621209273.jpg', '2021-05-16 23:54:33'),
(42, '1621209557.jpg', '2021-05-16 23:59:17'),
(43, '1621209605.jpg', '2021-05-17 00:00:05'),
(44, '1621209660.jpg', '2021-05-17 00:01:00'),
(45, '1621210336.jpg', '2021-05-17 00:12:16'),
(46, '1621210826.jpg', '2021-05-17 00:20:26'),
(47, '1621211220.jpg', '2021-05-17 07:27:00'),
(48, '1621211649.jpg', '2021-05-17 07:34:09'),
(49, '1621211866.jpg', '2021-05-17 07:37:46'),
(50, '1621212735.jpg', '2021-05-17 07:52:15'),
(51, '1621214059.jpg', '2021-05-17 08:14:19'),
(55, '1621220613.jpg', '2021-05-17 10:03:33'),
(56, '1621222340.jpg', '2021-05-17 10:32:20'),
(57, '1621247807.jpg', '2021-05-17 17:36:47'),
(58, '1621249855.jpg', '2021-05-17 18:10:55'),
(59, '1621250009.jpg', '2021-05-17 18:13:29'),
(60, '1621257078.jpg', '2021-05-17 20:11:18'),
(61, '1621259397.jpg', '2021-05-17 20:49:57'),
(62, '1621261721.jpg', '2021-05-17 21:28:41'),
(63, '1621289390.jpg', '2021-05-18 05:09:50'),
(64, '1621289415.jpg', '2021-05-18 05:10:15'),
(65, '1621296688.jpg', '2021-05-18 07:11:28'),
(66, '1621304559.jpg', '2021-05-18 09:22:39'),
(67, '1621323452.jpg', '2021-05-18 14:37:32'),
(68, '1621336407.jpg', '2021-05-18 18:13:27'),
(69, '1621336447.jpg', '2021-05-18 18:14:07'),
(70, '1621338481.jpg', '2021-05-18 18:48:01'),
(71, '1621344608.jpg', '2021-05-18 20:30:08'),
(72, '1621373522.jpg', '2021-05-19 04:32:02'),
(73, '1621378932.jpg', '2021-05-19 06:02:12'),
(74, '1621394958.jpg', '2021-05-19 10:29:18'),
(75, '1621416698.jpg', '2021-05-19 16:31:38'),
(76, '1621424398.jpg', '2021-05-19 18:39:58'),
(77, '1621427515.jpg', '2021-05-19 19:31:55'),
(78, '1621438281.jpg', '2021-05-19 22:31:21'),
(79, '1621463654.jpg', '2021-05-20 05:34:14'),
(80, '1621465163.jpg', '2021-05-20 05:59:23'),
(81, '1621468488.jpg', '2021-05-20 06:54:48'),
(82, '1621471374.jpg', '2021-05-20 07:42:54'),
(83, '1621506129.jpg', '2021-05-20 17:22:09'),
(84, '1621510192.jpg', '2021-05-20 18:29:52'),
(85, '1621511184.jpg', '2021-05-20 18:46:24'),
(86, '1621512124.jpg', '2021-05-20 19:02:04'),
(87, '1621512154.jpg', '2021-05-20 19:02:34'),
(88, '1621512227.jpg', '2021-05-20 19:03:47'),
(89, '1621512270.jpg', '2021-05-20 19:04:30'),
(90, '1621512297.jpg', '2021-05-20 19:04:57'),
(91, '1621515054.jpg', '2021-05-20 19:50:54'),
(92, '1621551373.jpg', '2021-05-21 05:56:13'),
(93, '1621556233.jpg', '2021-05-21 07:17:13'),
(94, '1621556275.jpg', '2021-05-21 07:17:55'),
(95, '1621558826.jpg', '2021-05-21 08:00:26'),
(96, '1621558859.jpg', '2021-05-21 08:00:59'),
(97, '1621558859.jpg', '2021-05-21 08:00:59'),
(98, '1621561835.jpg', '2021-05-21 08:50:35'),
(99, '1621572857.jpg', '2021-05-21 11:54:17'),
(100, '1621572874.jpg', '2021-05-21 11:54:34'),
(101, '1621576879.jpg', '2021-05-21 13:01:19'),
(102, '1621577008.jpg', '2021-05-21 13:03:28'),
(103, '1621596795.jpg', '2021-05-21 18:33:15'),
(104, '1621597830.jpg', '2021-05-21 18:50:30'),
(105, '1621600733.jpg', '2021-05-21 19:38:53'),
(106, '1621637180.jpg', '2021-05-22 05:46:20'),
(107, '1621638391.jpg', '2021-05-22 06:06:31'),
(108, '1621642017.jpg', '2021-05-22 07:06:57'),
(109, '1621642460.jpg', '2021-05-22 07:14:20'),
(110, '1621642940.jpg', '2021-05-22 07:22:20'),
(111, '1621642972.jpg', '2021-05-22 07:22:52'),
(112, '1621643632.jpg', '2021-05-22 07:33:52'),
(113, '1621643655.jpg', '2021-05-22 07:34:15'),
(114, '1621645297.jpg', '2021-05-22 08:01:37'),
(115, '1621647151.jpg', '2021-05-22 08:32:31'),
(116, '1621647481.jpg', '2021-05-22 08:38:01'),
(117, '1621648786.jpg', '2021-05-22 08:59:46'),
(118, '1621650338.jpg', '2021-05-22 09:25:38'),
(119, '1621652948.jpg', '2021-05-22 10:09:08'),
(120, '1621653863.jpg', '2021-05-22 10:24:23'),
(121, '1621669259.jpg', '2021-05-22 14:40:59'),
(122, '1621674584.jpg', '2021-05-22 16:09:44'),
(123, '1621684285.jpg', '2021-05-22 18:51:25'),
(124, '1621684304.jpg', '2021-05-22 18:51:44'),
(125, '1621684321.jpg', '2021-05-22 18:52:01'),
(126, '1621692666.jpg', '2021-05-22 21:11:06'),
(127, '1621700266.jpg', '2021-05-22 23:17:46'),
(128, '1621727802.jpg', '2021-05-23 06:56:42'),
(129, '1621729161.jpg', '2021-05-23 07:19:21'),
(130, '1621729244.jpg', '2021-05-23 07:20:44'),
(131, '1621729316.jpg', '2021-05-23 07:21:56'),
(132, '1621729545.jpg', '2021-05-23 07:25:45'),
(133, '1621730942.jpg', '2021-05-23 07:49:02'),
(134, '1621734099.jpg', '2021-05-23 08:41:39'),
(135, '1621734294.jpg', '2021-05-23 08:44:54'),
(136, '1621736352.jpg', '2021-05-23 09:19:12'),
(137, '1621739242.jpg', '2021-05-23 10:07:22'),
(138, '1621740273.jpg', '2021-05-23 10:24:33'),
(139, '1621747102.jpg', '2021-05-23 12:18:22'),
(140, '1621764938.jpg', '2021-05-23 17:15:38'),
(141, '1621765573.jpg', '2021-05-23 17:26:13'),
(142, '1621766909.jpg', '2021-05-23 17:48:29'),
(143, '1621767021.jpg', '2021-05-23 17:50:21'),
(144, '1621772818.jpg', '2021-05-23 19:26:58'),
(145, '1621813375.jpg', '2021-05-24 06:42:55'),
(146, '1621818338.jpg', '2021-05-24 08:05:38'),
(147, '1621826030.jpg', '2021-05-24 10:13:50'),
(148, '1621826089.jpg', '2021-05-24 10:14:49'),
(149, '1621836048.jpg', '2021-05-24 13:00:48'),
(150, '1621836092.jpg', '2021-05-24 13:01:32'),
(151, '1621840319.jpg', '2021-05-24 14:11:59'),
(152, '1621853533.jpg', '2021-05-24 17:52:13'),
(153, '1621853573.jpg', '2021-05-24 17:52:53'),
(154, '1621864400.jpg', '2021-05-24 20:53:20'),
(155, '1621866148.jpg', '2021-05-24 21:22:28'),
(156, '1621866322.jpg', '2021-05-24 21:25:22'),
(157, '1621866412.jpg', '2021-05-24 21:26:52'),
(158, '1621896143.jpg', '2021-05-25 05:42:23'),
(159, '1621900341.jpg', '2021-05-25 06:52:21'),
(160, '1621921181.jpg', '2021-05-25 12:39:41'),
(161, '1621923081.jpg', '2021-05-25 13:11:21'),
(162, '1621934731.jpg', '2021-05-25 16:25:31'),
(163, '1621939492.jpg', '2021-05-25 17:44:52'),
(164, '1621939865.jpg', '2021-05-25 17:51:05'),
(165, '1621940106.jpg', '2021-05-25 17:55:06'),
(166, '1621940711.jpg', '2021-05-25 18:05:11'),
(167, '1621943727.jpg', '2021-05-25 18:55:27'),
(168, '1621946947.jpg', '2021-05-25 19:49:07'),
(169, '1621948383.jpg', '2021-05-25 20:13:03'),
(170, '1621951639.jpg', '2021-05-25 21:07:19'),
(171, '1621954708.jpg', '2021-05-25 21:58:28'),
(172, '1621959006.jpg', '2021-05-25 23:10:06'),
(173, '1621989317.jpg', '2021-05-26 07:35:17'),
(174, '1621990732.jpg', '2021-05-26 07:58:52'),
(175, '1621994710.jpg', '2021-05-26 09:05:10'),
(176, '1621995416.jpg', '2021-05-26 09:16:56'),
(177, '1621998310.jpg', '2021-05-26 10:05:10'),
(178, '1621998332.jpg', '2021-05-26 10:05:32'),
(179, '1622000432.jpg', '2021-05-26 10:40:32'),
(180, '1622000459.jpg', '2021-05-26 10:40:59'),
(181, '1622014530.jpg', '2021-05-26 14:35:30'),
(182, '1622024988.jpg', '2021-05-26 17:29:48'),
(183, '1622025309.jpg', '2021-05-26 17:35:09'),
(184, '1622026712.jpg', '2021-05-26 17:58:32'),
(185, '1622033086.jpg', '2021-05-26 19:44:46'),
(186, '1622070167.jpg', '2021-05-27 06:02:47'),
(187, '1622081911.jpg', '2021-05-27 09:18:31'),
(188, '1622087163.jpg', '2021-05-27 10:46:03'),
(189, '1622090018.jpg', '2021-05-27 11:33:38'),
(190, '1622117986.jpg', '2021-05-27 19:19:46'),
(191, '1622121847.jpg', '2021-05-27 20:24:07'),
(192, '1622125173.jpg', '2021-05-27 21:19:33'),
(193, '1622131338.jpg', '2021-05-27 23:02:18'),
(194, '1622132148.jpg', '2021-05-27 23:15:48'),
(195, '1622132540.jpg', '2021-05-27 23:22:20'),
(196, '1622157457.jpg', '2021-05-28 06:17:37'),
(197, '1622161384.jpg', '2021-05-28 07:23:04'),
(198, '1622167727.jpg', '2021-05-28 09:08:47'),
(199, '1622204300.jpg', '2021-05-28 19:18:20'),
(200, '1622204388.jpg', '2021-05-28 19:19:48'),
(201, '1622204394.jpg', '2021-05-28 19:19:54'),
(202, '1622204903.jpg', '2021-05-28 19:28:23'),
(203, '1622210386.jpg', '2021-05-28 20:59:46'),
(204, '1622214399.jpg', '2021-05-28 22:06:39'),
(205, '1622244600.jpg', '2021-05-29 06:30:00'),
(206, '1622246488.jpg', '2021-05-29 07:01:28'),
(207, '1622246502.jpg', '2021-05-29 07:01:42'),
(208, '1622246519.jpg', '2021-05-29 07:01:59'),
(209, '1622249366.jpg', '2021-05-29 07:49:26'),
(210, '1622251385.jpg', '2021-05-29 08:23:05'),
(211, '1622255029.jpg', '2021-05-29 09:23:49'),
(212, '1622278194.jpg', '2021-05-29 15:49:54'),
(213, '1622334176.jpg', '2021-05-30 07:22:56'),
(214, '1622339060.jpg', '2021-05-30 08:44:20'),
(215, '1622341866.jpg', '2021-05-30 09:31:06'),
(216, '1622347959.jpg', '2021-05-30 11:12:39'),
(217, '1622357326.jpg', '2021-05-30 13:48:46'),
(218, '1622364435.jpg', '2021-05-30 15:47:15'),
(219, '1622369597.jpg', '2021-05-30 17:13:17'),
(220, '1622369971.jpg', '2021-05-30 17:19:31'),
(221, '1622377800.jpg', '2021-05-30 19:30:00'),
(222, '1622380179.jpg', '2021-05-30 20:09:39'),
(223, '1622384157.jpg', '2021-05-30 21:15:57'),
(224, '1622416765.jpg', '2021-05-31 06:19:25'),
(225, '1622420518.jpg', '2021-05-31 07:21:58'),
(226, '1622438327.jpg', '2021-05-31 12:18:47'),
(227, '1622465893.jpg', '2021-05-31 19:58:13'),
(228, '1622471769.jpg', '2021-05-31 21:36:09'),
(229, '1622471874.jpg', '2021-05-31 21:37:54'),
(230, '1622499161.jpg', '2021-06-01 05:12:41'),
(231, '1622508506.jpg', '2021-06-01 07:48:26'),
(232, '1622508558.jpg', '2021-06-01 07:49:18'),
(233, '1622510245.jpg', '2021-06-01 08:17:25'),
(234, '1622514719.jpg', '2021-06-01 09:31:59'),
(235, '1622516213.jpg', '2021-06-01 09:56:53'),
(236, '1622516628.jpg', '2021-06-01 10:03:48'),
(237, '1622529002.jpg', '2021-06-01 13:30:02'),
(238, '1622529031.jpg', '2021-06-01 13:30:31'),
(239, '1622529462.jpg', '2021-06-01 13:37:42'),
(240, '1622538572.jpg', '2021-06-01 16:09:32'),
(241, '1622541517.jpg', '2021-06-01 16:58:37'),
(242, '1622553447.jpg', '2021-06-01 20:17:27'),
(243, '1622590826.jpg', '2021-06-02 06:40:26'),
(244, '1622596083.jpg', '2021-06-02 08:08:03'),
(245, '1622602715.jpg', '2021-06-02 09:58:35'),
(246, '1622602730.jpg', '2021-06-02 09:58:50'),
(247, '1622633085.jpg', '2021-06-02 18:24:45'),
(248, '1622637581.jpg', '2021-06-02 19:39:41'),
(249, '1622639058.jpg', '2021-06-02 20:04:18'),
(250, '1622641790.jpg', '2021-06-02 20:49:50'),
(251, '1622681890.jpg', '2021-06-03 07:58:10'),
(252, '1622700345.jpg', '2021-06-03 13:05:45'),
(253, '1622711986.jpg', '2021-06-03 16:19:46'),
(254, '1622717004.jpg', '2021-06-03 17:43:24'),
(255, '1622717192.jpg', '2021-06-03 17:46:32'),
(256, '1622717364.jpg', '2021-06-03 17:49:24'),
(257, '1622718742.jpg', '2021-06-03 18:12:22'),
(258, '1622719201.jpg', '2021-06-03 18:20:01'),
(259, '1622719246.jpg', '2021-06-03 18:20:46'),
(260, '1622719281.jpg', '2021-06-03 18:21:21'),
(261, '1622721451.jpg', '2021-06-03 18:57:31'),
(262, '1622722019.jpg', '2021-06-03 19:06:59'),
(263, '1622729876.jpg', '2021-06-03 21:17:56'),
(264, '1622767316.jpg', '2021-06-04 07:41:56'),
(265, '1622769395.jpg', '2021-06-04 08:16:35');

-- --------------------------------------------------------

--
-- Table structure for table `mkaryawan`
--

CREATE TABLE `mkaryawan` (
  `intUserID` int(11) NOT NULL,
  `txtUsername` varchar(50) NOT NULL,
  `txtPassword` varchar(50) NOT NULL,
  `txtName` varchar(100) NOT NULL,
  `txtNIK` varchar(15) NOT NULL,
  `txtJenisKelamin` varchar(15) NOT NULL,
  `txtDepartement` varchar(20) NOT NULL,
  `txtKompetisi` int(3) NOT NULL,
  `txtJersey` varchar(5) NOT NULL
) ENGINE=InnoDB DEFAULT CHARSET=latin1;

--
-- Dumping data for table `mkaryawan`
--

INSERT INTO `mkaryawan` (`intUserID`, `txtUsername`, `txtPassword`, `txtName`, `txtNIK`, `txtJenisKelamin`, `txtDepartement`, `txtKompetisi`, `txtJersey`) VALUES
(1, '070100001', '070100001', 'Adi Setiahadi', '070100001', 'Laki - Laki', 'Produksi', 1, 'L\r'),
(2, '130793036', '130793036', 'Adnan samsuleh', '130793036', 'Laki - Laki', 'IOS', 2, 'M\r'),
(3, '120192502', '120192502', 'Adri Firmansyah', '120192502', 'Laki - Laki', 'Produksi', 2, 'XXL\r'),
(4, '110191206', '110191206', 'Aga Walessa', '110191206', 'Laki - Laki', 'IOS', 1, 'XL\r'),
(5, '100192702', '100192702', 'agung hartanto', '100192702', 'Laki - Laki', 'MDP', 2, 'L\r'),
(6, '120200010', '120200010', 'Agung Joko Suprihanto', '120200010', 'Laki - Laki', 'IOS', 2, 'XL\r'),
(7, '070100013', '070100013', 'Agus Riyanto', '070100013', 'Laki - Laki', 'BDA', 2, 'L\r'),
(8, '070100004', '070100004', 'Agus Turanto', '070100004', 'Laki - Laki', 'Produksi', 2, 'XL\r'),
(9, '130793038', '130793038', 'Ajat Japar', '130793038', 'Laki - Laki', 'Produksi', 1, 'L\r'),
(10, '120500031', '120500031', 'Akhmad Makhali', '120500031', 'Laki - Laki', 'MDP', 1, 'XL\r'),
(11, '150291703', '150291703', 'Ali Nurdin', '150291703', 'Laki - Laki', 'Warehouse', 1, 'L\r'),
(12, '130793039', '130793039', 'Ali rohman', '130793039', 'Laki - Laki', 'Warehouse', 2, 'L\r'),
(13, '160200097', '160200097', 'Alit Pradana', '160200097', 'Laki - Laki', 'Produksi', 1, 'XXXL\r'),
(14, '130100005', '130100005', 'Ambar Kusumo N', '130100005', 'Laki - Laki', 'Produksi', 2, 'XL\r'),
(15, '060500015', '060500015', 'Apolonia Laurensia Lunawati', '060500015', 'Perempuan', 'HRGA Mnf', 3, 'XL\r'),
(16, '070200030', '070200030', 'Ardian', '070200030', 'Laki - Laki', 'Warehouse', 2, 'L\r'),
(17, '140792912', '140792912', 'Asep irpan', '140792912', 'Laki - Laki', 'Produksi', 1, 'L\r'),
(18, '180600122', '180600122', 'B Rismisari H', '180600122', 'Perempuan', 'Human Capital', 1, 'L\r'),
(19, '180300062', '180300062', 'Bagus Ajie Wicaksono', '180300062', 'Laki - Laki', 'Human Capital', 1, 'XXL\r'),
(20, '140792913', '140792913', 'Bahrudin', '140792913', 'Laki - Laki', 'Engineering', 2, 'XL\r'),
(21, '150800189', '150800189', 'Bahrudin dwi nuryanto', '150800189', 'Laki - Laki', 'MM', 1, 'L\r'),
(22, '160300138', '160300138', 'Bonardo Manullang', '160300138', 'Laki - Laki', 'Human Capital', 2, 'XXXL\r'),
(23, '080900030', '080900030', 'Bugi Novriyanto', '080900030', 'Laki - Laki', 'Produksi', 3, 'S\r'),
(24, '100200007', '100200007', 'Burhanudin', '100200007', 'Laki - Laki', 'Eng', 3, 'XL\r'),
(25, 'K200900257', 'K200900257', 'Chandra prawira', 'K200900257', 'Laki - Laki', 'Human Capital', 1, 'S\r'),
(26, 'O201000062', 'O201000062', 'Dani Suryatman', 'O201000062', 'Laki - Laki', 'Human Capital', 1, 'L\r'),
(27, '100892708', '100892708', 'Dede Dodi Ginanjar', '100892708', 'Laki - Laki', 'Produksi', 3, 'XL\r'),
(28, 'K200300089', 'K200300089', 'Deden Jaelani', 'K200300089', 'Laki - Laki', 'Warehouse', 2, 'L\r'),
(29, '201200194', '201200194', 'Denlei Diyorossi', '201200194', 'Laki - Laki', 'MDP', 1, 'L\r'),
(30, '050700014', '050700014', 'Didik Budiarto', '050700014', 'Laki - Laki', 'BDA', 3, 'XL\r'),
(31, '070400068', '070400068', 'Dwi Isdaryanto', '070400068', 'Laki - Laki', 'Warehouse', 1, 'L\r'),
(32, 'K201000287', 'K201000287', 'Dwi Kartika', 'K201000287', 'Perempuan', 'Human Capital', 1, 'XL\r'),
(33, '080900031', '080900031', 'Dwi kurniawan', '080900031', 'Laki - Laki', 'QA', 2, 'XL\r'),
(34, '20300058', '20300058', 'Edward Siregar', '20300058', 'Laki - Laki', 'IRER', 2, 'L\r'),
(35, '120192504', '120192504', 'Eko Aries Santoso', '120192504', 'Laki - Laki', 'Engineering', 1, 'XL\r'),
(36, '130193014', '130193014', 'Eris firdaus', '130193014', 'Laki - Laki', 'QA', 1, 'XL\r'),
(37, '080900032', '080900032', 'Febi Diana', '080900032', 'Perempuan', 'BDA', 2, 'M\r'),
(38, 'O200700046', 'O200700046', 'Fitri Surtinawati', 'O200700046', 'Perempuan', 'Human Capital', 1, 'L\r'),
(39, '141092923', '141092923', 'Fitriyani', '141092923', 'Perempuan', 'BDA', 1, 'M\r'),
(40, '150300085', '150300085', 'GLENN CHANDRA', '150300085', 'Laki - Laki', 'IDC / PRODEV POWDER ', 1, 'XL\r'),
(41, '110900055', '110900055', 'Hermansyah', '110900055', 'Laki - Laki', 'IOS', 1, 'L\r'),
(42, 'O200600033', 'O200600033', 'IFQI DJUL FAHMI', 'o200600033', 'Laki - Laki', 'Human Capital', 2, 'S\r'),
(43, '100192704', '100192704', 'Ika Oktafianti', '100192704', 'Perempuan', 'BDA', 1, 'XXXL\r'),
(44, '130793049', '130793049', 'Ikmal Maulana', '130793049', 'Laki - Laki', 'Engineering', 1, 'M\r'),
(45, 'O200600034', 'O200600034', 'Ilham Gultom', 'O200600034', 'Laki - Laki', 'Human Capital', 2, 'M\r'),
(46, '140792916', '140792916', 'Irpan Hidayat Pamil', '140792916', 'Laki - Laki', 'Manufacturing', 3, 'M\r'),
(47, '200500092', '200500092', 'Irvan Hasan', '200500092', 'Laki - Laki', 'Engineering', 1, 'L\r'),
(48, '100692707', '100692707', 'Iwan Hermawan', '100692707', 'Laki - Laki', 'WHS', 1, 'M\r'),
(49, '070200028', '070200028', 'Jakaria.SK', '070200028', 'Laki - Laki', 'PnD', 3, 'M\r'),
(50, '140192908', '140192908', 'Jepri Haerudin', '140192908', 'Laki - Laki', 'MDP', 1, 'XL\r'),
(51, '070300036', '070300036', 'Jojon Darsono Yoga Jaya', '070300036', 'Laki - Laki', 'Warehouse', 2, 'XL\r'),
(52, '130193020', '130193020', 'Kanda', '130193020', 'Laki - Laki', 'Warehouse', 1, 'L\r'),
(53, 'k200700203', 'k200700203', 'Kukuh Gumilang', 'k200700203', 'Laki - Laki', 'ENG', 1, 'XL\r'),
(54, '190700187', '190700187', 'Mahmud Fauji', '190700187', 'Laki - Laki', 'Produksi', 1, 'XXL\r'),
(55, '200300076', '200300076', 'Maria Kurniati Gedi Raya', '200300076', 'Perempuan', 'Human Capital', 1, 'M\r'),
(56, '070400065', '070400065', 'Marleny Patandung', '070400065', 'Perempuan', 'Warehouse', 2, 'XL\r'),
(57, '200700144', '200700144', 'Muhamad Ridwan', '200700144', 'Laki - Laki', 'Warehouse', 1, 'L\r'),
(58, '170122441', '170122441', 'Muhammad Iqbal Fauzi', '170122441', 'Laki - Laki', 'Engineering', 1, 'L\r'),
(59, '120892523', '120892523', 'Mukti Wibowo', '120892523', 'Laki - Laki', 'WH', 1, 'XL\r'),
(60, '061200041', '061200041', 'Munadih', '061200041', 'Laki - Laki', 'Produksi', 1, 'M\r'),
(61, '200100042', '200100042', 'Mustaghbirin', '200100042', 'Laki - Laki', 'Warehouse', 1, 'XL\r'),
(62, 'K190600253', 'K190600253', 'Nandi sunardi', 'K190600253', 'Laki - Laki', 'Warehouse', 2, 'XL\r'),
(63, '100300009', '100300009', 'Nazarudin rachman sidik', '100300009', 'Laki - Laki', 'MDP', 3, 'M\r'),
(64, 'K2010600151', 'K2010600151', 'Nukmanul Anwar', 'K2010600151', 'Laki - Laki', 'Warehouse', 1, 'L\r'),
(65, 'K191000366', 'K191000366', 'Nurhamad', 'K191000366', 'Laki - Laki', 'Warehouse', 2, 'M\r'),
(66, 'K190900331', 'K190900331', 'Rakha Adi Putra', 'K190900331', 'Laki - Laki', 'BDA', 1, 'XL\r'),
(67, 'K210300063', 'K210300063', 'Rezki Ramadhan', 'K210300063', 'Laki - Laki', 'Human Capital', 1, 'M\r'),
(68, '180500115', '180500115', 'Ridwan Nugraha', '180500115', 'Laki - Laki', 'QA', 1, 'L\r'),
(69, 'K190700284', 'K190700284', 'Riyan maulana yusuf', 'K190700284', 'Laki - Laki', 'Warehouse', 1, 'XL\r'),
(70, '180100012', '180100012', 'Rudi Rosidin', '180100012', 'Laki - Laki', 'ENG', 1, 'L\r'),
(71, '180100012', '180100012', 'Rudi Rosidin', '180100012', 'Laki - Laki', 'ENG', 2, 'L\r'),
(72, '111200086', '111200086', 'Sadhu Putri S', '111200086', 'Perempuan', 'BDA', 1, 'L\r'),
(73, '170122442', '170122442', 'Saiful Bahri', '170122442', 'Laki - Laki', 'Warehouse', 2, 'M\r'),
(74, '210100004', '210100004', 'Setyo Dewi Utari', '210100004', 'Perempuan', 'Human Capital', 3, 'XL\r'),
(75, '060700017', '060700017', 'sri rejeki', '060700017', 'Perempuan', 'IOS', 2, 'L\r'),
(76, '150491706', '150491706', 'Sumarna', '150491706', 'Laki - Laki', 'MDP', 2, 'XL\r'),
(77, '061200039', '061200039', 'Sungatno', '061200039', 'Laki - Laki', 'QA', 2, 'L\r'),
(78, 'O190600102', 'O190600102', 'Tatang Meinsyahyar', 'O190600102', 'Laki - Laki', 'Human Capital', 1, 'L\r'),
(79, '201000061', '201000061', 'Tias Oktaviani', '201000061', 'Laki - Laki', 'Human Capital', 1, 'XL\r'),
(80, '061100034', '061100034', 'TIWIK SUYANTI', '061100034', 'Perempuan', 'QA', 3, 'L\r'),
(81, '200100031', '200100031', 'Windy Adriany Kacaribu', '200100031', 'Perempuan', 'Human Capital', 1, 'M\r'),
(82, '120192510', '120192510', 'Yayat Hidayat', '120192510', 'Laki - Laki', 'Produksi', 1, 'S\r'),
(83, '150600127', '150600127', 'Yoppy Sukmandar', '150600127', 'Laki - Laki', 'Engineering', 1, 'XXL\r'),
(84, '060500014', '060500014', 'Yudha Agus TB.', '060500014', 'Laki - Laki', 'Manufacturing', 3, 'XL\r'),
(85, '060800020', '060800020', 'Yuniarto', '060800020', 'Laki - Laki', 'Engineering', 3, 'M\r'),
(86, '061200040', '061200040', 'Zaini', '061200040', 'Laki - Laki', 'Produksi', 1, 'XL\r'),
(87, 'O201200072', 'O201200072', 'Zulwisal', 'O201200072', 'Laki - Laki', 'Human Capital', 1, 'XXL\r'),
(88, '130193008', '130193008', 'Dani Purwanegara', '130193008', 'Laki - Laki', 'Warehouse', 3, 'M'),
(90, '130793056', '130793056', 'Novan Trianto', '130793056', 'Laki - Laki', 'MDP', 1, 'L'),
(91, '130292511', '130292511', 'Ahmad Sahroni', '130292511', 'Laki - Laki', 'Produksi', 1, 'XXL'),
(92, '081000038', '081000038', 'Agus Firmansyah', '081000038', 'Laki - Laki', 'QA', 2, 'L'),
(93, 'O191100182', 'O191100182', 'Hendi', 'O191100182', 'Laki -Laki', 'Human Capital', 1, 'L'),
(94, '070600083', '070600083', 'Hendi Iskandar', '070600083', 'Laki- laki', 'QA', 1, 'XXXL'),
(95, '200300058', '200300058', 'Edward Siregar', '200300058', 'Laki - Laki', 'IR - ER', 3, 'L'),
(96, '200100017', '200100017', 'Teguh Sejati', '200100017', 'Laki - Laki', 'MDP', 1, 'L'),
(97, '061200043', '061200043', 'Yunus Jhon Biloro', '061200043', 'Laki - Laki', 'Produksi', 1, 'L');

-- --------------------------------------------------------

--
-- Table structure for table `mtarget_event`
--

CREATE TABLE `mtarget_event` (
  `intTargetEventID` int(11) NOT NULL,
  `intTargetEventVirtualRun` float NOT NULL,
  `intTargetEventVirtualBike` float NOT NULL
) ENGINE=InnoDB DEFAULT CHARSET=latin1;

--
-- Dumping data for table `mtarget_event`
--

INSERT INTO `mtarget_event` (`intTargetEventID`, `intTargetEventVirtualRun`, `intTargetEventVirtualBike`) VALUES
(1, 60, 165);

-- --------------------------------------------------------

--
-- Table structure for table `tr_virtual_bike`
--

CREATE TABLE `tr_virtual_bike` (
  `intVirtualBikeID` int(11) NOT NULL,
  `intUserID` int(11) NOT NULL,
  `txtNIK` varchar(15) NOT NULL,
  `txtName` varchar(30) NOT NULL,
  `txtJenisKelamin` varchar(15) NOT NULL,
  `intDistance` float NOT NULL,
  `txtDepartement` varchar(15) NOT NULL,
  `TimeStamp` datetime NOT NULL DEFAULT CURRENT_TIMESTAMP
) ENGINE=InnoDB DEFAULT CHARSET=latin1;

--
-- Dumping data for table `tr_virtual_bike`
--

INSERT INTO `tr_virtual_bike` (`intVirtualBikeID`, `intUserID`, `txtNIK`, `txtName`, `txtJenisKelamin`, `intDistance`, `txtDepartement`, `TimeStamp`) VALUES
(1, 74, '210100004', 'Setyo Dewi Utari', 'Perempuan', 2.6, 'Human Capital', '2021-05-15 00:38:54'),
(2, 74, '210100004', 'Setyo Dewi Utari', 'Perempuan', 2.6, 'Human Capital', '2021-05-15 00:39:42'),
(3, 56, '070400065', 'Marleny Patandung', 'Perempuan', 14.12, 'Warehouse', '2021-05-15 00:44:00'),
(4, 5, '100192702', 'agung hartanto', 'Laki - Laki', 10.73, 'MDP', '2021-05-15 00:59:17'),
(5, 62, 'K190600253', 'Nandi sunardi', 'Laki - Laki', 3.66, 'Warehouse', '2021-05-15 01:44:59'),
(6, 80, '061100034', 'TIWIK SUYANTI', 'Perempuan', 20.7, 'QA', '2021-05-15 02:00:18'),
(7, 33, '080900031', 'Dwi kurniawan', 'Laki - Laki', 12.3, 'QA', '2021-05-15 02:28:44'),
(8, 45, 'O200600034', 'Ilham Gultom', 'Laki - Laki', 14.01, 'Human Capital', '2021-05-15 02:34:36'),
(9, 16, '070200030', 'Ardian', 'Laki - Laki', 4.9, 'Warehouse', '2021-05-15 03:05:07'),
(10, 56, '070400065', 'Marleny Patandung', 'Perempuan', 10.75, 'Warehouse', '2021-05-15 03:08:47'),
(11, 65, 'K191000366', 'Nurhamad', 'Laki - Laki', 43, 'Warehouse', '2021-05-15 03:11:04'),
(12, 42, 'o200600033', 'IFQI DJUL FAHMI', 'Laki - Laki', 15, 'Human Capital', '2021-05-15 03:24:53'),
(15, 76, '150491706', 'Sumarna', 'Laki - Laki', 80.2, 'MDP', '2021-05-15 06:51:21'),
(16, 16, '070200030', 'Ardian', 'Laki - Laki', 2.7, 'Warehouse', '2021-05-15 10:50:40'),
(17, 7, '070100013', 'Agus Riyanto', 'Laki - Laki', 20.88, 'BDA', '2021-05-15 10:52:45'),
(18, 85, '060800020', 'Yuniarto', 'Laki - Laki', 24.42, 'Engineering', '2021-05-15 12:01:06'),
(19, 12, '130793039', 'Ali rohman', 'Laki - Laki', 9.59, 'Warehouse', '2021-05-15 12:51:05'),
(20, 24, '100200007', 'Burhanudin', 'Laki - Laki', 85.88, 'Eng', '2021-05-15 15:15:26'),
(21, 45, 'O200600034', 'Ilham Gultom', 'Laki - Laki', 6.74, 'Human Capital', '2021-05-15 18:27:36'),
(22, 8, '070100004', 'Agus Turanto', 'Laki - Laki', 4.72, 'Produksi', '2021-05-15 23:04:30'),
(23, 62, 'K190600253', 'Nandi sunardi', 'Laki - Laki', 7.6, 'Warehouse', '2021-05-15 23:52:38'),
(24, 27, '100892708', 'Dede Dodi Ginanjar', 'Laki - Laki', 47.34, 'Produksi', '2021-05-16 00:53:18'),
(25, 12, '130793039', 'Ali rohman', 'Laki - Laki', 17.12, 'Warehouse', '2021-05-16 00:59:44'),
(26, 16, '070200030', 'Ardian', 'Laki - Laki', 5.58, 'Warehouse', '2021-05-16 01:00:58'),
(27, 5, '100192702', 'agung hartanto', 'Laki - Laki', 20.08, 'MDP', '2021-05-16 01:34:48'),
(28, 77, '061200039', 'Sungatno', 'Laki - Laki', 22.12, 'QA', '2021-05-16 02:31:35'),
(29, 16, '070200030', 'Ardian', 'Laki - Laki', 3.35, 'Warehouse', '2021-05-16 03:01:30'),
(30, 74, '210100004', 'Setyo Dewi Utari', 'Perempuan', 1.3, 'Human Capital', '2021-05-16 03:21:39'),
(32, 65, 'K191000366', 'Nurhamad', 'Laki - Laki', 33, 'Warehouse', '2021-05-16 03:26:59'),
(33, 56, '070400065', 'Marleny Patandung', 'Perempuan', 20.75, 'Warehouse', '2021-05-16 03:42:59'),
(34, 51, '070300036', 'Jojon Darsono Yoga Jaya', 'Laki - Laki', 21, 'Warehouse', '2021-05-16 04:16:39'),
(35, 3, '120192502', 'Adri Firmansyah', 'Laki - Laki', 102.7, 'Produksi', '2021-05-16 05:56:23'),
(36, 77, '061200039', 'Sungatno', 'Laki - Laki', 22.12, 'QA', '2021-05-16 06:19:54'),
(39, 33, '080900031', 'Dwi kurniawan', 'Laki - Laki', 13.1, 'QA', '2021-05-16 08:52:28'),
(40, 16, '070200030', 'Ardian', 'Laki - Laki', 7.55, 'Warehouse', '2021-05-16 09:55:59'),
(41, 16, '070200030', 'Ardian', 'Laki - Laki', 3.53, 'Warehouse', '2021-05-16 10:36:00'),
(42, 8, '070100004', 'Agus Turanto', 'Laki - Laki', 4.58, 'Produksi', '2021-05-16 22:50:57'),
(43, 76, '150491706', 'Sumarna', 'Laki - Laki', 11.88, 'MDP', '2021-05-16 23:43:50'),
(44, 80, '061100034', 'TIWIK SUYANTI', 'Perempuan', 7.19, 'QA', '2021-05-17 00:03:18'),
(45, 75, '060700017', 'sri rejeki', 'Perempuan', 10.4, 'IOS', '2021-05-17 00:33:54'),
(46, 80, '061100034', 'TIWIK SUYANTI', 'Perempuan', 16.26, 'QA', '2021-05-17 00:59:53'),
(48, 51, '070300036', 'Jojon Darsono Yoga Jaya', 'Laki - Laki', 16.52, 'Warehouse', '2021-05-17 11:37:53'),
(49, 16, '070200030', 'Ardian', 'Laki - Laki', 6.06, 'Warehouse', '2021-05-17 17:22:04'),
(50, 7, '070100013', 'Agus Riyanto', 'Laki - Laki', 11.44, 'BDA', '2021-05-17 17:36:55'),
(51, 75, '060700017', 'sri rejeki', 'Perempuan', 6.46, 'IOS', '2021-05-17 17:57:28'),
(52, 80, '061100034', 'TIWIK SUYANTI', 'Perempuan', 10.44, 'QA', '2021-05-17 22:43:09'),
(53, 63, '100300009', 'Nazarudin rachman sidik', 'Laki - Laki', 80, 'MDP', '2021-05-18 05:12:07'),
(54, 63, '100300009', 'Nazarudin rachman sidik', 'Laki - Laki', 3.5, 'MDP', '2021-05-18 05:12:33'),
(55, 63, '100300009', 'Nazarudin rachman sidik', 'Laki - Laki', 7, 'MDP', '2021-05-18 05:12:48'),
(56, 16, '070200030', 'Ardian', 'Laki - Laki', 3.56, 'Warehouse', '2021-05-18 17:46:15'),
(57, 75, '060700017', 'sri rejeki', 'Perempuan', 5.08, 'IOS', '2021-05-18 18:53:06'),
(58, 56, '070400065', 'Marleny Patandung', 'Perempuan', 27.41, 'Warehouse', '2021-05-18 20:52:11'),
(59, 45, 'O200600034', 'Ilham Gultom', 'Laki - Laki', 6.46, 'Human Capital', '2021-05-18 21:12:41'),
(60, 80, '061100034', 'TIWIK SUYANTI', 'Perempuan', 6.34, 'QA', '2021-05-18 21:57:57'),
(61, 56, '070400065', 'Marleny Patandung', 'Perempuan', 13.53, 'Warehouse', '2021-05-19 06:02:51'),
(62, 8, '070100004', 'Agus Turanto', 'Laki - Laki', 5.17, 'Produksi', '2021-05-19 06:07:51'),
(63, 75, '060700017', 'sri rejeki', 'Perempuan', 11.78, 'IOS', '2021-05-19 06:18:02'),
(64, 84, '060500014', 'Yudha Agus TB.', 'Laki - Laki', 15.94, 'Manufacturing', '2021-05-19 07:15:23'),
(67, 77, '061200039', 'Sungatno', 'Laki - Laki', 12.94, 'QA', '2021-05-19 10:10:33'),
(68, 65, 'K191000366', 'Nurhamad', 'Laki - Laki', 18.52, 'Warehouse', '2021-05-19 10:37:14'),
(69, 42, 'o200600033', 'IFQI DJUL FAHMI', 'Laki - Laki', 13.24, 'Human Capital', '2021-05-19 17:43:31'),
(70, 33, '080900031', 'Dwi kurniawan', 'Laki - Laki', 6.8, 'QA', '2021-05-19 18:06:39'),
(71, 84, '060500014', 'Yudha Agus TB.', 'Laki - Laki', 13.24, 'Manufacturing', '2021-05-19 18:28:23'),
(72, 75, '060700017', 'sri rejeki', 'Perempuan', 6.8, 'IOS', '2021-05-19 19:51:29'),
(73, 56, '070400065', 'Marleny Patandung', 'Perempuan', 27.66, 'Warehouse', '2021-05-19 21:33:36'),
(74, 8, '070100004', 'Agus Turanto', 'Laki - Laki', 4.05, 'Produksi', '2021-05-20 05:52:32'),
(75, 75, '060700017', 'sri rejeki', 'Perempuan', 12.36, 'IOS', '2021-05-20 06:35:04'),
(76, 65, 'K191000366', 'Nurhamad', 'Laki - Laki', 17.48, 'Warehouse', '2021-05-20 07:36:05'),
(77, 77, '061200039', 'Sungatno', 'Laki - Laki', 15.06, 'QA', '2021-05-20 12:43:17'),
(78, 75, '060700017', 'sri rejeki', 'Perempuan', 5.92, 'IOS', '2021-05-20 17:14:08'),
(79, 62, 'K190600253', 'Nandi sunardi', 'Laki - Laki', 6.46, 'Warehouse', '2021-05-20 19:56:56'),
(80, 33, '080900031', 'Dwi kurniawan', 'Laki - Laki', 7.8, 'QA', '2021-05-21 05:30:46'),
(81, 8, '070100004', 'Agus Turanto', 'Laki - Laki', 51.1, 'Produksi', '2021-05-21 06:09:25'),
(82, 76, '150491706', 'Sumarna', 'Laki - Laki', 25, 'MDP', '2021-05-21 06:42:33'),
(83, 84, '060500014', 'Yudha Agus TB.', 'Laki - Laki', 16.58, 'Manufacturing', '2021-05-21 06:58:18'),
(84, 77, '061200039', 'Sungatno', 'Laki - Laki', 13.53, 'QA', '2021-05-21 12:39:03'),
(87, 80, '061100034', 'TIWIK SUYANTI', 'Perempuan', 7.58, 'QA', '2021-05-21 19:48:53'),
(88, 8, '070100004', 'Agus Turanto', 'Laki - Laki', 4.46, 'Produksi', '2021-05-22 06:21:59'),
(89, 33, '080900031', 'Dwi kurniawan', 'Laki - Laki', 14.22, 'QA', '2021-05-22 06:58:44'),
(90, 33, '080900031', 'Dwi kurniawan', 'Laki - Laki', 14.22, 'QA', '2021-05-22 06:59:04'),
(91, 33, '080900031', 'Dwi kurniawan', 'Laki - Laki', 14.2, 'QA', '2021-05-22 06:59:57'),
(92, 33, '080900031', 'Dwi kurniawan', 'Laki - Laki', 142, 'QA', '2021-05-22 07:00:13'),
(93, 33, '080900031', 'Dwi kurniawan', 'Laki - Laki', 14.2, 'QA', '2021-05-22 07:01:12'),
(94, 74, '210100004', 'Setyo Dewi Utari', 'Perempuan', 7.9, 'Human Capital', '2021-05-22 07:44:59'),
(95, 27, '100892708', 'Dede Dodi Ginanjar', 'Laki - Laki', 21.76, 'Produksi', '2021-05-22 08:21:01'),
(96, 77, '061200039', 'Sungatno', 'Laki - Laki', 25.89, 'QA', '2021-05-22 08:24:12'),
(97, 14, '130100005', 'Ambar Kusumo N', 'Laki - Laki', 10.4, 'Produksi', '2021-05-22 08:35:12'),
(98, 7, '070100013', 'Agus Riyanto', 'Laki - Laki', 31.44, 'BDA', '2021-05-22 09:07:38'),
(99, 84, '060500014', 'Yudha Agus TB.', 'Laki - Laki', 30.03, 'Manufacturing', '2021-05-22 09:12:03'),
(100, 37, '080900032', 'Febi Diana', 'Perempuan', 12.88, 'BDA', '2021-05-22 09:48:34'),
(101, 5, '100192702', 'agung hartanto', 'Laki - Laki', 11.88, 'MDP', '2021-05-22 09:48:52'),
(102, 37, '080900032', 'Febi Diana', 'Perempuan', 3.26, 'BDA', '2021-05-22 09:48:59'),
(103, 37, '080900032', 'Febi Diana', 'Perempuan', 9.27, 'BDA', '2021-05-22 09:49:12'),
(104, 85, '060800020', 'Yuniarto', 'Laki - Laki', 57.85, 'Engineering', '2021-05-22 10:16:28'),
(105, 42, 'o200600033', 'IFQI DJUL FAHMI', 'Laki - Laki', 25.98, 'Human Capital', '2021-05-22 10:23:27'),
(106, 3, '120192502', 'Adri Firmansyah', 'Laki - Laki', 132.6, 'Produksi', '2021-05-22 16:51:15'),
(107, 45, 'O200600034', 'Ilham Gultom', 'Laki - Laki', 7.65, 'Human Capital', '2021-05-22 18:09:26'),
(108, 63, '100300009', 'Nazarudin rachman sidik', 'Laki - Laki', 24.18, 'MDP', '2021-05-22 18:56:12'),
(110, 92, '081000038', 'Agus Firmansyah', 'Laki - Laki', 1.7, 'QA', '2021-05-22 19:04:08'),
(111, 92, '081000038', 'Agus Firmansyah', 'Laki - Laki', 1.7, 'QA', '2021-05-22 19:04:25'),
(112, 76, '150491706', 'Sumarna', 'Laki - Laki', 93.39, 'MDP', '2021-05-22 19:17:09'),
(114, 63, '100300009', 'Nazarudin rachman sidik', 'Laki - Laki', 19.26, 'MDP', '2021-05-22 19:44:55'),
(115, 63, '100300009', 'Nazarudin rachman sidik', 'Laki - Laki', 10.11, 'MDP', '2021-05-22 19:45:18'),
(116, 15, '060500015', 'Apolonia Laurensia Lunawati', 'Perempuan', 5.24, 'HRGA Mnf', '2021-05-22 23:18:28'),
(117, 15, '060500015', 'Apolonia Laurensia Lunawati', 'Perempuan', 13.11, 'HRGA Mnf', '2021-05-22 23:19:11'),
(118, 15, '060500015', 'Apolonia Laurensia Lunawati', 'Perempuan', 12.35, 'HRGA Mnf', '2021-05-22 23:19:45'),
(119, 15, '060500015', 'Apolonia Laurensia Lunawati', 'Perempuan', 7.96, 'HRGA Mnf', '2021-05-22 23:20:20'),
(120, 15, '060500015', 'Apolonia Laurensia Lunawati', 'Perempuan', 10.89, 'HRGA Mnf', '2021-05-22 23:20:57'),
(121, 15, '060500015', 'Apolonia Laurensia Lunawati', 'Perempuan', 13.1, 'HRGA Mnf', '2021-05-22 23:22:08'),
(122, 15, '060500015', 'Apolonia Laurensia Lunawati', 'Perempuan', 2.24, 'HRGA Mnf', '2021-05-22 23:22:43'),
(123, 56, '070400065', 'Marleny Patandung', 'Perempuan', 12.22, 'Warehouse', '2021-05-23 08:03:33'),
(124, 14, '130100005', 'Ambar Kusumo N', 'Laki - Laki', 31.41, 'Produksi', '2021-05-23 08:22:17'),
(125, 84, '060500014', 'Yudha Agus TB.', 'Laki - Laki', 24.1, 'Manufacturing', '2021-05-23 08:27:23'),
(126, 16, '070200030', 'Ardian', 'Laki - Laki', 7.19, 'Warehouse', '2021-05-23 08:32:02'),
(127, 74, '210100004', 'Setyo Dewi Utari', 'Perempuan', 8.1, 'Human Capital', '2021-05-23 08:42:05'),
(128, 77, '061200039', 'Sungatno', 'Laki - Laki', 28.3, 'QA', '2021-05-23 08:59:03'),
(129, 85, '060800020', 'Yuniarto', 'Laki - Laki', 37.59, 'Engineering', '2021-05-23 09:51:26'),
(130, 51, '070300036', 'Jojon Darsono Yoga Jaya', 'Laki - Laki', 0, 'Warehouse', '2021-05-23 10:43:37'),
(131, 51, '070300036', 'Jojon Darsono Yoga Jaya', 'Laki - Laki', 22.03, 'Warehouse', '2021-05-23 10:44:03'),
(132, 6, '120200010', 'Agung Joko Suprihanto', 'Laki - Laki', 31.77, 'IOS', '2021-05-23 12:53:07'),
(133, 3, '120192502', 'Adri Firmansyah', 'Laki - Laki', 92.9, 'Produksi', '2021-05-23 14:11:52'),
(135, 76, '150491706', 'Sumarna', 'Laki - Laki', 100.2, 'MDP', '2021-05-23 14:41:13'),
(136, 27, '100892708', 'Dede Dodi Ginanjar', 'Laki - Laki', 12.2, 'Produksi', '2021-05-23 17:26:48'),
(137, 5, '100192702', 'agung hartanto', 'Laki - Laki', 9.13, 'MDP', '2021-05-23 17:26:48'),
(138, 8, '070100004', 'Agus Turanto', 'Laki - Laki', 3.51, 'Produksi', '2021-05-24 06:10:24'),
(139, 7, '070100013', 'Agus Riyanto', 'Laki - Laki', 6.06, 'BDA', '2021-05-24 06:42:46'),
(140, 80, '061100034', 'TIWIK SUYANTI', 'Perempuan', 10.23, 'QA', '2021-05-24 08:40:36'),
(141, 65, 'K191000366', 'Nurhamad', 'Laki - Laki', 42.21, 'Warehouse', '2021-05-24 10:13:31'),
(142, 56, '070400065', 'Marleny Patandung', 'Perempuan', 13.36, 'Warehouse', '2021-05-24 12:32:46'),
(143, 6, '120200010', 'Agung Joko Suprihanto', 'Laki - Laki', 2.22, 'IOS', '2021-05-24 14:27:08'),
(144, 6, '120200010', 'Agung Joko Suprihanto', 'Laki - Laki', 6.05, 'IOS', '2021-05-24 14:27:41'),
(145, 84, '060500014', 'Yudha Agus TB.', 'Laki - Laki', 15.7, 'Manufacturing', '2021-05-25 08:11:44'),
(146, 6, '120200010', 'Agung Joko Suprihanto', 'Laki - Laki', 5.25, 'IOS', '2021-05-25 10:05:57'),
(147, 6, '120200010', 'Agung Joko Suprihanto', 'Laki - Laki', 17.78, 'IOS', '2021-05-25 10:06:21'),
(148, 37, '080900032', 'Febi Diana', 'Perempuan', 5.03, 'BDA', '2021-05-25 11:29:10'),
(149, 37, '080900032', 'Febi Diana', 'Perempuan', 7.44, 'BDA', '2021-05-25 11:29:39'),
(150, 37, '080900032', 'Febi Diana', 'Perempuan', 2.15, 'BDA', '2021-05-25 11:30:00'),
(151, 37, '080900032', 'Febi Diana', 'Perempuan', 4.49, 'BDA', '2021-05-25 11:30:19'),
(152, 37, '080900032', 'Febi Diana', 'Perempuan', 7.55, 'BDA', '2021-05-25 11:30:36'),
(153, 23, '080900030', 'Bugi Novriyanto', 'Laki - Laki', 54.15, 'Produksi', '2021-05-25 12:41:25'),
(154, 80, '061100034', 'TIWIK SUYANTI', 'Perempuan', 3.48, 'QA', '2021-05-25 20:41:51'),
(155, 80, '061100034', 'TIWIK SUYANTI', 'Perempuan', 1.4, 'QA', '2021-05-25 20:43:44'),
(156, 6, '120200010', 'Agung Joko Suprihanto', 'Laki - Laki', 17.55, 'IOS', '2021-05-26 05:52:24'),
(157, 51, '070300036', 'Jojon Darsono Yoga Jaya', 'Laki - Laki', 21.36, 'Warehouse', '2021-05-26 06:07:41'),
(158, 75, '060700017', 'sri rejeki', 'Perempuan', 9.21, 'IOS', '2021-05-26 06:41:15'),
(159, 56, '070400065', 'Marleny Patandung', 'Perempuan', 25.49, 'Warehouse', '2021-05-26 07:05:13'),
(160, 33, '080900031', 'Dwi kurniawan', 'Laki - Laki', 15.2, 'QA', '2021-05-26 07:06:45'),
(161, 16, '070200030', 'Ardian', 'Laki - Laki', 10, 'Warehouse', '2021-05-26 07:31:24'),
(162, 77, '061200039', 'Sungatno', 'Laki - Laki', 23.66, 'QA', '2021-05-26 08:47:43'),
(163, 84, '060500014', 'Yudha Agus TB.', 'Laki - Laki', 26.1, 'Manufacturing', '2021-05-26 08:59:04'),
(164, 80, '061100034', 'TIWIK SUYANTI', 'Perempuan', 5.6, 'QA', '2021-05-26 09:47:36'),
(165, 51, '070300036', 'Jojon Darsono Yoga Jaya', 'Laki - Laki', 13.83, 'Warehouse', '2021-05-26 12:19:44'),
(166, 27, '100892708', 'Dede Dodi Ginanjar', 'Laki - Laki', 65.89, 'Produksi', '2021-05-26 12:39:26'),
(167, 76, '150491706', 'Sumarna', 'Laki - Laki', 91.09, 'MDP', '2021-05-26 13:05:54'),
(168, 14, '130100005', 'Ambar Kusumo N', 'Laki - Laki', 15.36, 'Produksi', '2021-05-26 14:14:01'),
(169, 7, '070100013', 'Agus Riyanto', 'Laki - Laki', 5.11, 'BDA', '2021-05-26 16:21:18'),
(170, 3, '120192502', 'Adri Firmansyah', 'Laki - Laki', 173.4, 'Produksi', '2021-05-26 16:41:37'),
(171, 7, '070100013', 'Agus Riyanto', 'Laki - Laki', 1.7, 'BDA', '2021-05-26 16:53:56'),
(172, 7, '070100013', 'Agus Riyanto', 'Laki - Laki', 5.11, 'BDA', '2021-05-26 17:00:37'),
(173, 85, '060800020', 'Yuniarto', 'Laki - Laki', 14.36, 'Engineering', '2021-05-26 17:45:39'),
(174, 16, '070200030', 'Ardian', 'Laki - Laki', 10, 'Warehouse', '2021-05-26 17:47:22'),
(175, 8, '070100004', 'Agus Turanto', 'Laki - Laki', 4.39, 'Produksi', '2021-05-27 05:59:39'),
(176, 84, '060500014', 'Yudha Agus TB.', 'Laki - Laki', 11.23, 'Manufacturing', '2021-05-27 07:50:37'),
(177, 2, '130793036', 'Adnan samsuleh', 'Laki - Laki', 51.36, 'IOS', '2021-05-27 09:17:33'),
(178, 2, '130793036', 'Adnan samsuleh', 'Laki - Laki', 9.22, 'IOS', '2021-05-27 09:18:01'),
(179, 2, '130793036', 'Adnan samsuleh', 'Laki - Laki', 104.27, 'IOS', '2021-05-27 09:18:29'),
(180, 16, '070200030', 'Ardian', 'Laki - Laki', 15.07, 'Warehouse', '2021-05-27 10:09:29'),
(181, 7, '070100013', 'Agus Riyanto', 'Laki - Laki', 10.16, 'BDA', '2021-05-27 16:48:07'),
(182, 42, 'o200600033', 'IFQI DJUL FAHMI', 'Laki - Laki', 6.42, 'Human Capital', '2021-05-27 17:23:08'),
(183, 16, '070200030', 'Ardian', 'Laki - Laki', 11.07, 'Warehouse', '2021-05-27 17:32:28'),
(184, 65, 'K191000366', 'Nurhamad', 'Laki - Laki', 17.56, 'Warehouse', '2021-05-27 17:36:57'),
(185, 45, 'O200600034', 'Ilham Gultom', 'Laki - Laki', 6.6, 'Human Capital', '2021-05-27 20:48:28'),
(186, 8, '070100004', 'Agus Turanto', 'Laki - Laki', 5.51, 'Produksi', '2021-05-28 06:04:33'),
(187, 75, '060700017', 'sri rejeki', 'Perempuan', 12.98, 'IOS', '2021-05-28 07:15:28'),
(188, 15, '060500015', 'Apolonia Laurensia Lunawati', 'Perempuan', 8.56, 'HRGA Mnf', '2021-05-28 08:53:58'),
(189, 77, '061200039', 'Sungatno', 'Laki - Laki', 15.12, 'QA', '2021-05-28 09:15:51'),
(190, 85, '060800020', 'Yuniarto', 'Laki - Laki', 62.1, 'Engineering', '2021-05-28 10:46:23'),
(191, 16, '070200030', 'Ardian', 'Laki - Laki', 10.8, 'Warehouse', '2021-05-28 11:05:36'),
(192, 56, '070400065', 'Marleny Patandung', 'Perempuan', 25.25, 'Warehouse', '2021-05-28 16:00:28'),
(193, 16, '070200030', 'Ardian', 'Laki - Laki', 7.83, 'Warehouse', '2021-05-28 17:25:43'),
(194, 65, 'K191000366', 'Nurhamad', 'Laki - Laki', 33.68, 'Warehouse', '2021-05-28 22:59:17'),
(195, 75, '060700017', 'sri rejeki', 'Perempuan', 14.77, 'IOS', '2021-05-29 06:42:11'),
(196, 84, '060500014', 'Yudha Agus TB.', 'Laki - Laki', 12.42, 'Manufacturing', '2021-05-29 07:03:49'),
(197, 14, '130100005', 'Ambar Kusumo N', 'Laki - Laki', 17.37, 'Produksi', '2021-05-29 07:27:17'),
(198, 80, '061100034', 'TIWIK SUYANTI', 'Perempuan', 37.25, 'QA', '2021-05-29 08:25:56'),
(199, 16, '070200030', 'Ardian', 'Laki - Laki', 6.42, 'Warehouse', '2021-05-29 09:55:41'),
(200, 15, '060500015', 'Apolonia Laurensia Lunawati', 'Perempuan', 7.53, 'HRGA Mnf', '2021-05-29 10:02:57'),
(201, 77, '061200039', 'Sungatno', 'Laki - Laki', 25.06, 'QA', '2021-05-29 11:52:10'),
(202, 3, '120192502', 'Adri Firmansyah', 'Laki - Laki', 102.2, 'Produksi', '2021-05-29 12:18:10'),
(203, 22, '160300138', 'Bonardo Manullang', 'Laki - Laki', 3, 'Human Capital', '2021-05-30 07:44:47'),
(204, 22, '160300138', 'Bonardo Manullang', 'Laki - Laki', 2.7, 'Human Capital', '2021-05-30 07:45:18'),
(205, 22, '160300138', 'Bonardo Manullang', 'Laki - Laki', 5.66, 'Human Capital', '2021-05-30 07:45:44'),
(206, 22, '160300138', 'Bonardo Manullang', 'Laki - Laki', 3.07, 'Human Capital', '2021-05-30 07:46:07'),
(207, 75, '060700017', 'sri rejeki', 'Perempuan', 14.52, 'IOS', '2021-05-30 07:47:35'),
(208, 14, '130100005', 'Ambar Kusumo N', 'Laki - Laki', 25.8, 'Produksi', '2021-05-30 08:06:17'),
(209, 74, '210100004', 'Setyo Dewi Utari', 'Perempuan', 8.1, 'Human Capital', '2021-05-30 09:24:29'),
(210, 51, '070300036', 'Jojon Darsono Yoga Jaya', 'Laki - Laki', 15.54, 'Warehouse', '2021-05-30 09:58:44'),
(211, 3, '120192502', 'Adri Firmansyah', 'Laki - Laki', 71.1, 'Produksi', '2021-05-30 10:10:05'),
(212, 84, '060500014', 'Yudha Agus TB.', 'Laki - Laki', 31.02, 'Manufacturing', '2021-05-30 10:22:45'),
(213, 42, 'o200600033', 'IFQI DJUL FAHMI', 'Laki - Laki', 40.99, 'Human Capital', '2021-05-30 13:47:14'),
(214, 45, 'O200600034', 'Ilham Gultom', 'Laki - Laki', 30.63, 'Human Capital', '2021-05-30 13:54:09'),
(215, 85, '060800020', 'Yuniarto', 'Laki - Laki', 47.82, 'Engineering', '2021-05-30 17:48:38'),
(216, 3, '120192502', 'Adri Firmansyah', 'Laki - Laki', 28.1, 'Produksi', '2021-05-30 18:15:27'),
(217, 77, '061200039', 'Sungatno', 'Laki - Laki', 13.28, 'QA', '2021-05-30 19:29:09'),
(218, 80, '061100034', 'TIWIK SUYANTI', 'Perempuan', 8.24, 'QA', '2021-05-31 06:21:10'),
(219, 16, '070200030', 'Ardian', 'Laki - Laki', 9.64, 'Warehouse', '2021-05-31 07:33:56'),
(220, 65, 'K191000366', 'Nurhamad', 'Laki - Laki', 23.82, 'Warehouse', '2021-05-31 08:08:10'),
(221, 16, '070200030', 'Ardian', 'Laki - Laki', 6.04, 'Warehouse', '2021-05-31 17:31:17'),
(222, 74, '210100004', 'Setyo Dewi Utari', 'Perempuan', 5.1, 'Human Capital', '2021-05-31 18:20:10'),
(223, 56, '070400065', 'Marleny Patandung', 'Perempuan', 17.48, 'Warehouse', '2021-06-01 07:03:53'),
(224, 75, '060700017', 'sri rejeki', 'Perempuan', 15.53, 'IOS', '2021-06-01 07:36:06'),
(225, 7, '070100013', 'Agus Riyanto', 'Laki - Laki', 16.7, 'BDA', '2021-06-01 07:37:08'),
(226, 6, '120200010', 'Agung Joko Suprihanto', 'Laki - Laki', 4.91, 'IOS', '2021-06-01 08:11:58'),
(227, 6, '120200010', 'Agung Joko Suprihanto', 'Laki - Laki', 20.85, 'IOS', '2021-06-01 08:12:19'),
(228, 16, '070200030', 'Ardian', 'Laki - Laki', 6.04, 'Warehouse', '2021-06-01 08:14:17'),
(229, 15, '060500015', 'Apolonia Laurensia Lunawati', 'Perempuan', 16.69, 'HRGA Mnf', '2021-06-01 09:57:24'),
(230, 12, '130793039', 'Ali rohman', 'Laki - Laki', 18.81, 'Warehouse', '2021-06-01 10:00:49'),
(231, 27, '100892708', 'Dede Dodi Ginanjar', 'Laki - Laki', 15.4, 'Produksi', '2021-06-01 10:04:44'),
(232, 77, '061200039', 'Sungatno', 'Laki - Laki', 24.07, 'QA', '2021-06-01 10:21:03'),
(233, 80, '061100034', 'TIWIK SUYANTI', 'Perempuan', 0.38, 'QA', '2021-06-01 10:31:18'),
(234, 80, '061100034', 'TIWIK SUYANTI', 'Perempuan', 1.59, 'QA', '2021-06-01 10:32:21'),
(235, 80, '061100034', 'TIWIK SUYANTI', 'Perempuan', 9.48, 'QA', '2021-06-01 10:32:41'),
(236, 45, 'O200600034', 'Ilham Gultom', 'Laki - Laki', 8.42, 'Human Capital', '2021-06-01 11:09:54'),
(237, 3, '120192502', 'Adri Firmansyah', 'Laki - Laki', 113, 'Produksi', '2021-06-01 12:42:50'),
(238, 74, '210100004', 'Setyo Dewi Utari', 'Perempuan', 6.8, 'Human Capital', '2021-06-01 13:28:35'),
(239, 56, '070400065', 'Marleny Patandung', 'Perempuan', 28.61, 'Warehouse', '2021-06-01 15:19:16'),
(240, 51, '070300036', 'Jojon Darsono Yoga Jaya', 'Laki - Laki', 7.65, 'Warehouse', '2021-06-01 17:23:00'),
(241, 63, '100300009', 'Nazarudin rachman sidik', 'Laki - Laki', 30.02, 'MDP', '2021-06-01 18:56:28'),
(242, 85, '060800020', 'Yuniarto', 'Laki - Laki', 93.4, 'Engineering', '2021-06-01 19:51:54'),
(243, 80, '061100034', 'TIWIK SUYANTI', 'Perempuan', 6.03, 'QA', '2021-06-01 21:08:15'),
(244, 56, '070400065', 'Marleny Patandung', 'Perempuan', 13.2, 'Warehouse', '2021-06-02 05:05:56'),
(245, 2, '130793036', 'Adnan samsuleh', 'Laki - Laki', 70.32, 'IOS', '2021-06-02 08:26:19'),
(246, 77, '061200039', 'Sungatno', 'Laki - Laki', 22.45, 'QA', '2021-06-02 12:28:40'),
(247, 75, '060700017', 'sri rejeki', 'Perempuan', 8.05, 'IOS', '2021-06-02 19:05:42'),
(248, 56, '070400065', 'Marleny Patandung', 'Perempuan', 22.12, 'Warehouse', '2021-06-02 21:29:58'),
(249, 56, '070400065', 'Marleny Patandung', 'Perempuan', 0, 'Warehouse', '2021-06-02 21:30:29'),
(250, 8, '070100004', 'Agus Turanto', 'Laki - Laki', 42.1, 'Produksi', '2021-06-03 05:58:03'),
(251, 22, '160300138', 'Bonardo Manullang', 'Laki - Laki', 3.1, 'Human Capital', '2021-06-03 06:23:48'),
(252, 22, '160300138', 'Bonardo Manullang', 'Laki - Laki', 2.7, 'Human Capital', '2021-06-03 06:24:05'),
(253, 8, '070100004', 'Agus Turanto', 'Laki - Laki', 4.21, 'Produksi', '2021-06-03 07:01:14'),
(254, 77, '061200039', 'Sungatno', 'Laki - Laki', 13.65, 'QA', '2021-06-03 07:39:11'),
(255, 16, '070200030', 'Ardian', 'Laki - Laki', 3.29, 'Warehouse', '2021-06-03 17:46:17'),
(256, 75, '060700017', 'sri rejeki', 'Perempuan', 9.26, 'IOS', '2021-06-03 18:50:53'),
(257, 56, '070400065', 'Marleny Patandung', 'Perempuan', 25.86, 'Warehouse', '2021-06-03 19:43:43'),
(258, 45, 'O200600034', 'Ilham Gultom', 'Laki - Laki', 11.21, 'Human Capital', '2021-06-03 20:47:33'),
(259, 80, '061100034', 'TIWIK SUYANTI', 'Perempuan', 6.29, 'QA', '2021-06-03 21:20:04'),
(260, 63, '100300009', 'Nazarudin rachman sidik', 'Laki - Laki', 31.05, 'MDP', '2021-06-04 06:27:49'),
(261, 65, 'K191000366', 'Nurhamad', 'Laki - Laki', 10.78, 'Warehouse', '2021-06-04 07:46:21');

-- --------------------------------------------------------

--
-- Table structure for table `tr_virtual_bikeupdate`
--

CREATE TABLE `tr_virtual_bikeupdate` (
  `intVirtualBikeID` int(11) NOT NULL,
  `intUserID` int(11) NOT NULL,
  `txtNIK` varchar(15) NOT NULL,
  `txtName` varchar(30) NOT NULL,
  `txtJenisKelamin` varchar(15) NOT NULL,
  `intDistance` float NOT NULL,
  `txtDepartement` varchar(15) NOT NULL,
  `imgUpload` text NOT NULL,
  `TimeStamp` datetime NOT NULL DEFAULT CURRENT_TIMESTAMP
) ENGINE=InnoDB DEFAULT CHARSET=latin1;

--
-- Dumping data for table `tr_virtual_bikeupdate`
--

INSERT INTO `tr_virtual_bikeupdate` (`intVirtualBikeID`, `intUserID`, `txtNIK`, `txtName`, `txtJenisKelamin`, `intDistance`, `txtDepartement`, `imgUpload`, `TimeStamp`) VALUES
(1, 74, '210100004', 'Setyo Dewi Utari', 'Perempuan', 2.6, 'Human Capital', '', '2021-05-15 00:38:54'),
(2, 74, '210100004', 'Setyo Dewi Utari', 'Perempuan', 2.6, 'Human Capital', '', '2021-05-15 00:39:42'),
(3, 56, '070400065', 'Marleny Patandung', 'Perempuan', 14.12, 'Warehouse', '', '2021-05-15 00:44:00'),
(4, 5, '100192702', 'agung hartanto', 'Laki - Laki', 10.73, 'MDP', '', '2021-05-15 00:59:17'),
(5, 62, 'K190600253', 'Nandi sunardi', 'Laki - Laki', 3.66, 'Warehouse', '', '2021-05-15 01:44:59'),
(6, 80, '061100034', 'TIWIK SUYANTI', 'Perempuan', 20.7, 'QA', '', '2021-05-15 02:00:18'),
(7, 33, '080900031', 'Dwi kurniawan', 'Laki - Laki', 12.3, 'QA', '', '2021-05-15 02:28:44'),
(8, 45, 'O200600034', 'Ilham Gultom', 'Laki - Laki', 14.01, 'Human Capital', '', '2021-05-15 02:34:36'),
(9, 16, '070200030', 'Ardian', 'Laki - Laki', 4.9, 'Warehouse', '', '2021-05-15 03:05:07'),
(10, 56, '070400065', 'Marleny Patandung', 'Perempuan', 10.75, 'Warehouse', '', '2021-05-15 03:08:47'),
(11, 65, 'K191000366', 'Nurhamad', 'Laki - Laki', 43, 'Warehouse', '', '2021-05-15 03:11:04'),
(12, 42, 'o200600033', 'IFQI DJUL FAHMI', 'Laki - Laki', 15, 'Human Capital', '', '2021-05-15 03:24:53'),
(15, 76, '150491706', 'Sumarna', 'Laki - Laki', 80.2, 'MDP', '', '2021-05-15 06:51:21'),
(16, 16, '070200030', 'Ardian', 'Laki - Laki', 2.7, 'Warehouse', '', '2021-05-15 10:50:40'),
(17, 7, '070100013', 'Agus Riyanto', 'Laki - Laki', 20.88, 'BDA', '', '2021-05-15 10:52:45'),
(18, 85, '060800020', 'Yuniarto', 'Laki - Laki', 24.42, 'Engineering', '', '2021-05-15 12:01:06'),
(19, 12, '130793039', 'Ali rohman', 'Laki - Laki', 9.59, 'Warehouse', '', '2021-05-15 12:51:05'),
(20, 24, '100200007', 'Burhanudin', 'Laki - Laki', 85.88, 'Eng', '', '2021-05-15 15:15:26'),
(21, 45, 'O200600034', 'Ilham Gultom', 'Laki - Laki', 6.74, 'Human Capital', '', '2021-05-15 18:27:36'),
(22, 8, '070100004', 'Agus Turanto', 'Laki - Laki', 4.72, 'Produksi', '', '2021-05-15 23:04:30'),
(23, 62, 'K190600253', 'Nandi sunardi', 'Laki - Laki', 7.6, 'Warehouse', '', '2021-05-15 23:52:38'),
(24, 27, '100892708', 'Dede Dodi Ginanjar', 'Laki - Laki', 47.34, 'Produksi', '', '2021-05-16 00:53:18'),
(25, 12, '130793039', 'Ali rohman', 'Laki - Laki', 17.12, 'Warehouse', '', '2021-05-16 00:59:44'),
(26, 16, '070200030', 'Ardian', 'Laki - Laki', 5.58, 'Warehouse', '', '2021-05-16 01:00:58'),
(27, 5, '100192702', 'agung hartanto', 'Laki - Laki', 20.08, 'MDP', '', '2021-05-16 01:34:48'),
(28, 77, '061200039', 'Sungatno', 'Laki - Laki', 22.12, 'QA', '', '2021-05-16 02:31:35'),
(29, 16, '070200030', 'Ardian', 'Laki - Laki', 3.35, 'Warehouse', '', '2021-05-16 03:01:30'),
(30, 74, '210100004', 'Setyo Dewi Utari', 'Perempuan', 1.3, 'Human Capital', '', '2021-05-16 03:21:39'),
(32, 65, 'K191000366', 'Nurhamad', 'Laki - Laki', 33, 'Warehouse', '', '2021-05-16 03:26:59'),
(33, 56, '070400065', 'Marleny Patandung', 'Perempuan', 20.75, 'Warehouse', '', '2021-05-16 03:42:59'),
(34, 51, '070300036', 'Jojon Darsono Yoga Jaya', 'Laki - Laki', 21, 'Warehouse', '', '2021-05-16 04:16:39'),
(35, 3, '120192502', 'Adri Firmansyah', 'Laki - Laki', 102.7, 'Produksi', '', '2021-05-16 05:56:23'),
(36, 77, '061200039', 'Sungatno', 'Laki - Laki', 22.12, 'QA', '', '2021-05-16 06:19:54'),
(39, 33, '080900031', 'Dwi kurniawan', 'Laki - Laki', 13.1, 'QA', '', '2021-05-16 08:52:28'),
(40, 16, '070200030', 'Ardian', 'Laki - Laki', 7.55, 'Warehouse', '', '2021-05-16 09:55:59'),
(41, 16, '070200030', 'Ardian', 'Laki - Laki', 3.53, 'Warehouse', '', '2021-05-16 10:36:00'),
(42, 8, '070100004', 'Agus Turanto', 'Laki - Laki', 4.58, 'Produksi', '', '2021-05-16 22:50:57'),
(43, 76, '150491706', 'Sumarna', 'Laki - Laki', 11.88, 'MDP', '', '2021-05-16 23:43:50'),
(44, 80, '061100034', 'TIWIK SUYANTI', 'Perempuan', 7.19, 'QA', '', '2021-05-17 00:03:18'),
(45, 75, '060700017', 'sri rejeki', 'Perempuan', 10.4, 'IOS', '', '2021-05-17 00:33:54'),
(46, 80, '061100034', 'TIWIK SUYANTI', 'Perempuan', 16.26, 'QA', '', '2021-05-17 00:59:53'),
(48, 51, '070300036', 'Jojon Darsono Yoga Jaya', 'Laki - Laki', 16.52, 'Warehouse', '', '2021-05-17 11:37:53'),
(49, 16, '070200030', 'Ardian', 'Laki - Laki', 6.06, 'Warehouse', '', '2021-05-17 17:22:04'),
(50, 7, '070100013', 'Agus Riyanto', 'Laki - Laki', 11.44, 'BDA', '', '2021-05-17 17:36:55'),
(51, 75, '060700017', 'sri rejeki', 'Perempuan', 6.46, 'IOS', '', '2021-05-17 17:57:28'),
(52, 80, '061100034', 'TIWIK SUYANTI', 'Perempuan', 10.44, 'QA', '', '2021-05-17 22:43:09'),
(53, 63, '100300009', 'Nazarudin rachman sidik', 'Laki - Laki', 80, 'MDP', '', '2021-05-18 05:12:07'),
(54, 63, '100300009', 'Nazarudin rachman sidik', 'Laki - Laki', 3.5, 'MDP', '', '2021-05-18 05:12:33'),
(55, 63, '100300009', 'Nazarudin rachman sidik', 'Laki - Laki', 7, 'MDP', '', '2021-05-18 05:12:48'),
(56, 16, '070200030', 'Ardian', 'Laki - Laki', 3.56, 'Warehouse', '', '2021-05-18 17:46:15'),
(57, 75, '060700017', 'sri rejeki', 'Perempuan', 5.08, 'IOS', '', '2021-05-18 18:53:06'),
(58, 56, '070400065', 'Marleny Patandung', 'Perempuan', 27.41, 'Warehouse', '', '2021-05-18 20:52:11'),
(59, 45, 'O200600034', 'Ilham Gultom', 'Laki - Laki', 6.46, 'Human Capital', '', '2021-05-18 21:12:41'),
(60, 80, '061100034', 'TIWIK SUYANTI', 'Perempuan', 6.34, 'QA', '', '2021-05-18 21:57:57'),
(61, 56, '070400065', 'Marleny Patandung', 'Perempuan', 13.53, 'Warehouse', '', '2021-05-19 06:02:51'),
(62, 8, '070100004', 'Agus Turanto', 'Laki - Laki', 5.17, 'Produksi', '', '2021-05-19 06:07:51'),
(63, 75, '060700017', 'sri rejeki', 'Perempuan', 11.78, 'IOS', '', '2021-05-19 06:18:02'),
(64, 84, '060500014', 'Yudha Agus TB.', 'Laki - Laki', 15.94, 'Manufacturing', '', '2021-05-19 07:15:23'),
(67, 77, '061200039', 'Sungatno', 'Laki - Laki', 12.94, 'QA', '', '2021-05-19 10:10:33'),
(68, 65, 'K191000366', 'Nurhamad', 'Laki - Laki', 18.52, 'Warehouse', '', '2021-05-19 10:37:14'),
(69, 42, 'o200600033', 'IFQI DJUL FAHMI', 'Laki - Laki', 13.24, 'Human Capital', '', '2021-05-19 17:43:31'),
(70, 33, '080900031', 'Dwi kurniawan', 'Laki - Laki', 6.8, 'QA', '', '2021-05-19 18:06:39'),
(71, 84, '060500014', 'Yudha Agus TB.', 'Laki - Laki', 13.24, 'Manufacturing', '', '2021-05-19 18:28:23'),
(72, 75, '060700017', 'sri rejeki', 'Perempuan', 6.8, 'IOS', '', '2021-05-19 19:51:29'),
(73, 56, '070400065', 'Marleny Patandung', 'Perempuan', 27.66, 'Warehouse', '', '2021-05-19 21:33:36'),
(74, 8, '070100004', 'Agus Turanto', 'Laki - Laki', 4.05, 'Produksi', '', '2021-05-20 05:52:32'),
(75, 75, '060700017', 'sri rejeki', 'Perempuan', 12.36, 'IOS', '', '2021-05-20 06:35:04'),
(76, 65, 'K191000366', 'Nurhamad', 'Laki - Laki', 17.48, 'Warehouse', '', '2021-05-20 07:36:05'),
(77, 77, '061200039', 'Sungatno', 'Laki - Laki', 15.06, 'QA', '', '2021-05-20 12:43:17'),
(78, 75, '060700017', 'sri rejeki', 'Perempuan', 5.92, 'IOS', '', '2021-05-20 17:14:08'),
(79, 62, 'K190600253', 'Nandi sunardi', 'Laki - Laki', 6.46, 'Warehouse', '', '2021-05-20 19:56:56'),
(80, 33, '080900031', 'Dwi kurniawan', 'Laki - Laki', 7.8, 'QA', '', '2021-05-21 05:30:46'),
(81, 8, '070100004', 'Agus Turanto', 'Laki - Laki', 51.1, 'Produksi', '', '2021-05-21 06:09:25'),
(82, 76, '150491706', 'Sumarna', 'Laki - Laki', 25, 'MDP', '', '2021-05-21 06:42:33'),
(83, 84, '060500014', 'Yudha Agus TB.', 'Laki - Laki', 16.58, 'Manufacturing', '', '2021-05-21 06:58:18'),
(84, 77, '061200039', 'Sungatno', 'Laki - Laki', 13.53, 'QA', '', '2021-05-21 12:39:03');

-- --------------------------------------------------------

--
-- Table structure for table `tr_virtual_run`
--

CREATE TABLE `tr_virtual_run` (
  `intVirtualRunID` int(11) NOT NULL,
  `intUserID` int(11) NOT NULL,
  `txtNIK` varchar(15) NOT NULL,
  `txtName` varchar(30) NOT NULL,
  `txtJenisKelamin` varchar(15) NOT NULL,
  `txtDepartement` varchar(15) NOT NULL,
  `intDistance` float NOT NULL,
  `TimeStamp` datetime NOT NULL DEFAULT CURRENT_TIMESTAMP
) ENGINE=InnoDB DEFAULT CHARSET=latin1;

--
-- Dumping data for table `tr_virtual_run`
--

INSERT INTO `tr_virtual_run` (`intVirtualRunID`, `intUserID`, `txtNIK`, `txtName`, `txtJenisKelamin`, `txtDepartement`, `intDistance`, `TimeStamp`) VALUES
(3, 9, '130793038', 'Ajat Japar', 'Laki - Laki', 'Produksi', 6.72, '2021-05-14 23:58:25'),
(4, 60, '061200041', 'Munadih', 'Laki - Laki', 'Produksi', 3.75, '2021-05-15 00:26:24'),
(5, 48, '100692707', 'Iwan Hermawan', 'Laki - Laki', 'WHS', 7.46, '2021-05-15 00:08:29'),
(6, 40, '150300085', 'GLENN CHANDRA', 'Laki - Laki', 'IDC / PRODEV PO', 4.01, '2021-05-15 00:17:28'),
(7, 82, '120192510', 'Yayat Hidayat', 'Laki - Laki', 'Produksi', 2.65, '2021-05-15 00:37:50'),
(8, 82, '120192510', 'Yayat Hidayat', 'Laki - Laki', 'Produksi', 2.59, '2021-05-15 01:09:14'),
(9, 29, '201200194', 'Denlei Diyorossi', 'Laki - Laki', 'MDP', 2.33, '2021-05-15 02:16:42'),
(10, 4, '110191206', 'Aga Walessa', 'Laki - Laki', 'IOS', 29.55, '2021-05-15 04:53:58'),
(11, 52, '130193020', 'Kanda', 'Laki - Laki', 'Warehouse', 10.12, '2021-05-15 05:08:27'),
(12, 82, '120192510', 'Yayat Hidayat', 'Laki - Laki', 'Produksi', 2.12, '2021-05-15 10:01:04'),
(15, 18, '180600122', 'B Rismisari H', 'Perempuan', 'Human Capital', 0.7, '2021-05-15 10:08:07'),
(16, 10, '120500031', 'Akhmad Makhali', 'Laki - Laki', 'MDP', 4.12, '2021-05-15 12:41:19'),
(17, 83, '150600127', 'Yoppy Sukmandar', 'Laki - Laki', 'Engineering', 3.5, '2021-05-15 13:09:33'),
(18, 70, '180100012', 'Rudi Rosidin', 'Laki - Laki', 'ENG', 2.42, '2021-05-16 00:04:12'),
(19, 60, '061200041', 'Munadih', 'Laki - Laki', 'Produksi', 5.34, '2021-05-16 01:27:59'),
(20, 40, '150300085', 'GLENN CHANDRA', 'Laki - Laki', 'IDC / PRODEV PO', 4.02, '2021-05-16 00:21:39'),
(21, 74, '210100004', 'Setyo Dewi Utari', 'Perempuan', 'Human Capital', 0.6, '2021-05-16 02:11:17'),
(22, 74, '210100004', 'Setyo Dewi Utari', 'Perempuan', 'Human Capital', 0.19, '2021-05-16 02:13:26'),
(23, 68, '180500115', 'Ridwan Nugraha', 'Laki - Laki', 'QA', 3.36, '2021-05-16 02:43:16'),
(25, 31, '070400068', 'Dwi Isdaryanto', 'Laki - Laki', 'Warehouse', 10.08, '2021-05-16 02:43:32'),
(26, 52, '130193020', 'Kanda', 'Laki - Laki', 'Warehouse', 10.6, '2021-05-16 02:50:10'),
(35, 47, '200500092', 'Irvan Hasan', 'Laki - Laki', 'Engineering', 7.92, '2021-05-16 07:46:27'),
(38, 29, '201200194', 'Denlei Diyorossi', 'Laki - Laki', 'MDP', 3.38, '2021-05-16 10:02:48'),
(39, 10, '120500031', 'Akhmad Makhali', 'Laki - Laki', 'MDP', 3.39, '2021-05-16 10:18:53'),
(42, 82, '120192510', 'Yayat Hidayat', 'Laki - Laki', 'Produksi', 2.36, '2021-05-16 10:27:01'),
(43, 83, '150600127', 'Yoppy Sukmandar', 'Laki - Laki', 'Engineering', 3.26, '2021-05-16 12:47:02'),
(45, 41, '110900055', 'Hermansyah', 'Laki - Laki', 'IOS', 17.34, '2021-05-16 14:20:10'),
(47, 27, '100892708', 'Dede Dodi Ginanjar', 'Laki - Laki', 'Produksi', 6.75, '2021-05-16 23:52:55'),
(50, 4, '110191206', 'Aga Walessa', 'Laki - Laki', 'IOS', 0.72, '2021-05-17 00:00:05'),
(53, 9, '130793038', 'Ajat Japar', 'Laki - Laki', 'Produksi', 10.18, '2021-05-17 08:50:07'),
(62, 90, '130793056', 'Novan Trianto', 'Laki - Laki', 'MDP', 1.3, '2021-05-17 10:03:33'),
(63, 52, '130193020', 'Kanda', 'Laki - Laki', 'Warehouse', 9.6, '2021-05-17 10:32:20'),
(64, 26, 'O201000062', 'Dani Suryatman', 'Laki - Laki', 'Human Capital', 1.69, '2021-05-17 17:36:47'),
(65, 23, '080900030', 'Bugi Novriyanto', 'Laki - Laki', 'Produksi', 8.75, '2021-05-17 18:10:55'),
(66, 23, '080900030', 'Bugi Novriyanto', 'Laki - Laki', 'Produksi', 5.18, '2021-05-17 18:13:29'),
(67, 41, '110900055', 'Hermansyah', 'Laki - Laki', 'IOS', 17.2, '2021-05-17 20:11:18'),
(68, 83, '150600127', 'Yoppy Sukmandar', 'Laki - Laki', 'Engineering', 4.9, '2021-05-17 20:49:57'),
(69, 40, '150300085', 'GLENN CHANDRA', 'Laki - Laki', 'IDC / PRODEV PO', 0.81, '2021-05-17 21:28:41'),
(70, 63, '100300009', 'Nazarudin rachman sidik', 'Laki - Laki', 'MDP', 10, '2021-05-18 05:09:50'),
(71, 63, '100300009', 'Nazarudin rachman sidik', 'Laki - Laki', 'MDP', 1.36, '2021-05-18 05:10:15'),
(72, 90, '130793056', 'Novan Trianto', 'Laki - Laki', 'MDP', 1.73, '2021-05-18 07:11:28'),
(73, 23, '080900030', 'Bugi Novriyanto', 'Laki - Laki', 'Produksi', 7.42, '2021-05-18 09:22:39'),
(74, 87, 'O201200072', 'Zulwisal', 'Laki - Laki', 'Human Capital', 54, '2021-05-18 14:37:32'),
(75, 1, '070100001', 'Adi Setiahadi', 'Laki - Laki', 'Produksi', 5.05, '2021-05-18 18:13:27'),
(77, 23, '080900030', 'Bugi Novriyanto', 'Laki - Laki', 'Produksi', 5.1, '2021-05-18 18:48:01'),
(78, 41, '110900055', 'Hermansyah', 'Laki - Laki', 'IOS', 26.1, '2021-05-18 20:30:08'),
(79, 83, '150600127', 'Yoppy Sukmandar', 'Laki - Laki', 'Engineering', 1.83, '2021-05-19 04:32:02'),
(80, 54, '190700187', 'Mahmud Fauji', 'Laki - Laki', 'Produksi', 3.28, '2021-05-19 06:02:12'),
(81, 87, 'O201200072', 'Zulwisal', 'Laki - Laki', 'Human Capital', 2.4, '2021-05-19 10:29:19'),
(82, 26, 'O201000062', 'Dani Suryatman', 'Laki - Laki', 'Human Capital', 2.11, '2021-05-19 16:31:38'),
(83, 81, '200100031', 'Windy Adriany Kacaribu', 'Perempuan', 'Human Capital', 3.01, '2021-05-19 18:39:58'),
(84, 18, '180600122', 'B Rismisari H', 'Perempuan', 'Human Capital', 2.32, '2021-05-19 19:31:55'),
(85, 83, '150600127', 'Yoppy Sukmandar', 'Laki - Laki', 'Engineering', 1.85, '2021-05-19 22:31:21'),
(86, 41, '110900055', 'Hermansyah', 'Laki - Laki', 'IOS', 20.2, '2021-05-20 05:34:14'),
(87, 54, '190700187', 'Mahmud Fauji', 'Laki - Laki', 'Produksi', 3.24, '2021-05-20 05:59:23'),
(88, 27, '100892708', 'Dede Dodi Ginanjar', 'Laki - Laki', 'Produksi', 7.2, '2021-05-20 06:54:48'),
(89, 81, '200100031', 'Windy Adriany Kacaribu', 'Perempuan', 'Human Capital', 2.71, '2021-05-20 07:42:54'),
(90, 82, '120192510', 'Yayat Hidayat', 'Laki - Laki', 'Produksi', 2.13, '2021-05-20 17:22:09'),
(91, 23, '080900030', 'Bugi Novriyanto', 'Laki - Laki', 'Produksi', 10.03, '2021-05-20 18:29:52'),
(92, 1, '070100001', 'Adi Setiahadi', 'Laki - Laki', 'Produksi', 5.07, '2021-05-20 18:46:24'),
(93, 47, '200500092', 'Irvan Hasan', 'Laki - Laki', 'Engineering', 3.09, '2021-05-20 19:02:04'),
(95, 47, '200500092', 'Irvan Hasan', 'Laki - Laki', 'Engineering', 3.9, '2021-05-20 19:03:47'),
(96, 47, '200500092', 'Irvan Hasan', 'Laki - Laki', 'Engineering', 2.88, '2021-05-20 19:04:29'),
(97, 47, '200500092', 'Irvan Hasan', 'Laki - Laki', 'Engineering', 3.77, '2021-05-20 19:04:57'),
(98, 83, '150600127', 'Yoppy Sukmandar', 'Laki - Laki', 'Engineering', 1.62, '2021-05-20 19:50:54'),
(99, 54, '190700187', 'Mahmud Fauji', 'Laki - Laki', 'Produksi', 3.19, '2021-05-21 05:56:13'),
(100, 18, '180600122', 'B Rismisari H', 'Perempuan', 'Human Capital', 1.09, '2021-05-21 07:17:13'),
(101, 18, '180600122', 'B Rismisari H', 'Perempuan', 'Human Capital', 0.97, '2021-05-21 07:17:55'),
(102, 81, '200100031', 'Windy Adriany Kacaribu', 'Perempuan', 'Human Capital', 2.21, '2021-05-21 08:00:38'),
(105, 91, '130292511', 'Ahmad Sahroni', 'Laki - Laki', 'Produksi', 4.28, '2021-05-21 08:50:35'),
(106, 31, '070400068', 'Dwi Isdaryanto', 'Laki - Laki', 'Warehouse', 5.94, '2021-05-21 11:54:17'),
(110, 18, '180600122', 'B Rismisari H', 'Perempuan', 'Human Capital', 0.96, '2021-05-21 18:33:15'),
(111, 41, '110900055', 'Hermansyah', 'Laki - Laki', 'IOS', 19, '2021-05-21 18:50:30'),
(112, 81, '200100031', 'Windy Adriany Kacaribu', 'Perempuan', 'Human Capital', 5.05, '2021-05-21 19:38:53'),
(113, 60, '061200041', 'Munadih', 'Laki - Laki', 'Produksi', 2.03, '2021-05-22 05:46:20'),
(114, 43, '100192704', 'Ika Oktafianti', 'Perempuan', 'BDA', 0.45, '2021-05-22 06:06:31'),
(115, 40, '150300085', 'GLENN CHANDRA', 'Laki - Laki', 'IDC / PRODEV PO', 4.03, '2021-05-22 07:06:57'),
(116, 70, '180100012', 'Rudi Rosidin', 'Laki - Laki', 'ENG', 1.56, '2021-05-22 07:14:21'),
(117, 10, '120500031', 'Akhmad Makhali', 'Laki - Laki', 'MDP', 7.14, '2021-05-22 07:22:20'),
(119, 68, '180500115', 'Ridwan Nugraha', 'Laki - Laki', 'QA', 0.25, '2021-05-22 07:33:52'),
(120, 68, '180500115', 'Ridwan Nugraha', 'Laki - Laki', 'QA', 4.68, '2021-05-22 07:34:14'),
(121, 18, '180600122', 'B Rismisari H', 'Perempuan', 'Human Capital', 3.23, '2021-05-22 08:01:37'),
(122, 29, '201200194', 'Denlei Diyorossi', 'Laki - Laki', 'MDP', 5.47, '2021-05-22 08:32:31'),
(123, 82, '120192510', 'Yayat Hidayat', 'Laki - Laki', 'Produksi', 4.37, '2021-05-22 08:38:01'),
(124, 81, '200100031', 'Windy Adriany Kacaribu', 'Perempuan', 'Human Capital', 7.07, '2021-05-22 08:59:46'),
(125, 83, '150600127', 'Yoppy Sukmandar', 'Laki - Laki', 'Engineering', 2.77, '2021-05-22 09:25:38'),
(126, 23, '080900030', 'Bugi Novriyanto', 'Laki - Laki', 'Produksi', 10, '2021-05-22 10:09:08'),
(127, 1, '070100001', 'Adi Setiahadi', 'Laki - Laki', 'Produksi', 4.87, '2021-05-22 10:24:23'),
(128, 1, '070100001', 'Adi Setiahadi', 'Laki - Laki', 'Produksi', 7.65, '2021-05-22 14:40:59'),
(129, 35, '120192504', 'Eko Aries Santoso', 'Laki - Laki', 'Engineering', 12.71, '2021-05-22 16:09:44'),
(130, 63, '100300009', 'Nazarudin rachman sidik', 'Laki - Laki', 'MDP', 2.13, '2021-05-22 18:51:25'),
(131, 63, '100300009', 'Nazarudin rachman sidik', 'Laki - Laki', 'MDP', 7.01, '2021-05-22 18:51:44'),
(132, 63, '100300009', 'Nazarudin rachman sidik', 'Laki - Laki', 'MDP', 1.58, '2021-05-22 18:52:01'),
(133, 83, '150600127', 'Yoppy Sukmandar', 'Laki - Laki', 'Engineering', 2.38, '2021-05-22 21:11:06'),
(134, 15, '060500015', 'Apolonia Laurensia Lunawati', 'Perempuan', 'HRGA Mnf', 3.04, '2021-05-22 23:17:46'),
(135, 10, '120500031', 'Akhmad Makhali', 'Laki - Laki', 'MDP', 5.86, '2021-05-23 06:56:42'),
(136, 48, '100692707', 'Iwan Hermawan', 'Laki - Laki', 'WHS', 7.61, '2021-05-23 07:17:03'),
(137, 60, '061200041', 'Munadih', 'Laki - Laki', 'Produksi', 4.56, '2021-05-23 07:19:21'),
(138, 40, '150300085', 'GLENN CHANDRA', 'Laki - Laki', 'IDC / PRODEV PO', 4.03, '2021-05-23 07:20:44'),
(139, 86, '061200040', 'Zaini', 'Laki - Laki', 'Produksi', 3.47, '2021-05-23 07:21:56'),
(140, 52, '130193020', 'Kanda', 'Laki - Laki', 'Warehouse', 0.63, '2021-05-23 07:25:45'),
(142, 54, '190700187', 'Mahmud Fauji', 'Laki - Laki', 'Produksi', 7.13, '2021-05-23 08:41:39'),
(143, 82, '120192510', 'Yayat Hidayat', 'Laki - Laki', 'Produksi', 5.23, '2021-05-23 08:44:29'),
(144, 82, '120192510', 'Yayat Hidayat', 'Laki - Laki', 'Produksi', 5.23, '2021-05-23 08:44:54'),
(145, 90, '130793056', 'Novan Trianto', 'Laki - Laki', 'MDP', 10.17, '2021-05-23 09:19:13'),
(146, 68, '180500115', 'Ridwan Nugraha', 'Laki - Laki', 'QA', 2.86, '2021-05-23 10:07:22'),
(147, 23, '080900030', 'Bugi Novriyanto', 'Laki - Laki', 'Produksi', 7, '2021-05-23 10:24:33'),
(148, 31, '070400068', 'Dwi Isdaryanto', 'Laki - Laki', 'Warehouse', 0, '2021-05-23 12:17:45'),
(149, 31, '070400068', 'Dwi Isdaryanto', 'Laki - Laki', 'Warehouse', 6.16, '2021-05-23 12:18:22'),
(150, 70, '180100012', 'Rudi Rosidin', 'Laki - Laki', 'ENG', 9.12, '2021-05-23 17:15:38'),
(151, 27, '100892708', 'Dede Dodi Ginanjar', 'Laki - Laki', 'Produksi', 7.2, '2021-05-23 17:26:13'),
(152, 70, '180100012', 'Rudi Rosidin', 'Laki - Laki', 'ENG', 1.03, '2021-05-23 17:48:29'),
(153, 70, '180100012', 'Rudi Rosidin', 'Laki - Laki', 'ENG', 2.95, '2021-05-23 17:50:21'),
(154, 83, '150600127', 'Yoppy Sukmandar', 'Laki - Laki', 'Engineering', 3.12, '2021-05-23 19:26:58'),
(155, 70, '180100012', 'Rudi Rosidin', 'Laki - Laki', 'ENG', 2.44, '2021-05-24 06:42:55'),
(156, 80, '061100034', 'TIWIK SUYANTI', 'Perempuan', 'QA', 1.19, '2021-05-24 08:05:38'),
(157, 52, '130193020', 'Kanda', 'Laki - Laki', 'Warehouse', 0.76, '2021-05-24 10:13:50'),
(158, 52, '130193020', 'Kanda', 'Laki - Laki', 'Warehouse', 16.6, '2021-05-24 10:14:49'),
(159, 63, '100300009', 'Nazarudin rachman sidik', 'Laki - Laki', 'MDP', 10.02, '2021-05-24 13:00:48'),
(160, 63, '100300009', 'Nazarudin rachman sidik', 'Laki - Laki', 'MDP', 1.42, '2021-05-24 13:01:32'),
(161, 41, '110900055', 'Hermansyah', 'Laki - Laki', 'IOS', 10, '2021-05-24 14:11:58'),
(162, 91, '130292511', 'Ahmad Sahroni', 'Laki - Laki', 'Produksi', 1.05, '2021-05-24 17:52:13'),
(163, 91, '130292511', 'Ahmad Sahroni', 'Laki - Laki', 'Produksi', 3.64, '2021-05-24 17:52:53'),
(164, 1, '070100001', 'Adi Setiahadi', 'Laki - Laki', 'Produksi', 3.14, '2021-05-24 20:53:20'),
(165, 83, '150600127', 'Yoppy Sukmandar', 'Laki - Laki', 'Engineering', 1.59, '2021-05-24 21:22:28'),
(166, 47, '200500092', 'Irvan Hasan', 'Laki - Laki', 'Engineering', 4.73, '2021-05-24 21:25:23'),
(167, 47, '200500092', 'Irvan Hasan', 'Laki - Laki', 'Engineering', 3.91, '2021-05-24 21:26:51'),
(168, 47, '200500092', 'Irvan Hasan', 'Laki - Laki', 'Engineering', 3.74, '2021-05-24 21:28:06'),
(169, 31, '070400068', 'Dwi Isdaryanto', 'Laki - Laki', 'Warehouse', 4.85, '2021-05-25 05:42:23'),
(170, 31, '070400068', 'Dwi Isdaryanto', 'Laki - Laki', 'Warehouse', 5.69, '2021-05-25 06:52:21'),
(171, 23, '080900030', 'Bugi Novriyanto', 'Laki - Laki', 'Produksi', 13.33, '2021-05-25 12:39:41'),
(172, 96, '200100017', 'Teguh Sejati', 'Laki - Laki', 'MDP', 0.59, '2021-05-25 13:11:21'),
(173, 50, '140192908', 'Jepri Haerudin', 'Laki - Laki', 'MDP', 4.52, '2021-05-25 16:25:31'),
(174, 67, 'K210300063', 'Rezki Ramadhan', 'Laki - Laki', 'Human Capital', 3.69, '2021-05-25 17:44:52'),
(175, 66, 'K190900331', 'Rakha Adi Putra', 'Laki - Laki', 'BDA', 4.72, '2021-05-25 17:51:05'),
(176, 91, '130292511', 'Ahmad Sahroni', 'Laki - Laki', 'Produksi', 4.23, '2021-05-25 17:55:06'),
(177, 27, '100892708', 'Dede Dodi Ginanjar', 'Laki - Laki', 'Produksi', 4.36, '2021-05-25 18:05:11'),
(178, 81, '200100031', 'Windy Adriany Kacaribu', 'Perempuan', 'Human Capital', 7.09, '2021-05-25 18:55:27'),
(179, 1, '070100001', 'Adi Setiahadi', 'Laki - Laki', 'Produksi', 4.12, '2021-05-25 19:49:07'),
(180, 81, '200100031', 'Windy Adriany Kacaribu', 'Perempuan', 'Human Capital', 3.07, '2021-05-25 20:13:04'),
(181, 83, '150600127', 'Yoppy Sukmandar', 'Laki - Laki', 'Engineering', 2.56, '2021-05-25 21:07:19'),
(182, 10, '120500031', 'Akhmad Makhali', 'Laki - Laki', 'MDP', 3.15, '2021-05-25 21:58:28'),
(183, 18, '180600122', 'B Rismisari H', 'Perempuan', 'Human Capital', 1.08, '2021-05-25 23:09:18'),
(184, 18, '180600122', 'B Rismisari H', 'Perempuan', 'Human Capital', 1.48, '2021-05-25 23:10:06'),
(185, 48, '100692707', 'Iwan Hermawan', 'Laki - Laki', 'WHS', 9.28, '2021-05-26 07:20:35'),
(186, 60, '061200041', 'Munadih', 'Laki - Laki', 'Produksi', 7.25, '2021-05-26 07:35:17'),
(187, 40, '150300085', 'GLENN CHANDRA', 'Laki - Laki', 'IDC / PRODEV PO', 3.98, '2021-05-26 07:58:52'),
(188, 31, '070400068', 'Dwi Isdaryanto', 'Laki - Laki', 'Warehouse', 21.25, '2021-05-26 09:05:10'),
(189, 68, '180500115', 'Ridwan Nugraha', 'Laki - Laki', 'QA', 4.64, '2021-05-26 09:16:56'),
(190, 54, '190700187', 'Mahmud Fauji', 'Laki - Laki', 'Produksi', 3.37, '2021-05-26 10:05:10'),
(191, 54, '190700187', 'Mahmud Fauji', 'Laki - Laki', 'Produksi', 3.19, '2021-05-26 10:05:32'),
(192, 1, '070100001', 'Adi Setiahadi', 'Laki - Laki', 'Produksi', 6.06, '2021-05-26 10:40:59'),
(193, 1, '070100001', 'Adi Setiahadi', 'Laki - Laki', 'Produksi', 6.06, '2021-05-26 10:41:32'),
(194, 97, '061200043', 'Yunus Jhon Biloro', 'Laki - Laki', 'Produksi', 18.2, '2021-05-26 14:35:33'),
(195, 60, '061200041', 'Munadih', 'Laki - Laki', 'Produksi', 7.02, '2021-05-26 17:29:48'),
(196, 29, '201200194', 'Denlei Diyorossi', 'Laki - Laki', 'MDP', 4.22, '2021-05-26 17:35:09'),
(197, 23, '080900030', 'Bugi Novriyanto', 'Laki - Laki', 'Produksi', 21.23, '2021-05-26 17:58:32'),
(198, 18, '180600122', 'B Rismisari H', 'Perempuan', 'Human Capital', 4.03, '2021-05-26 19:44:46'),
(199, 54, '190700187', 'Mahmud Fauji', 'Laki - Laki', 'Produksi', 3.25, '2021-05-27 06:02:47'),
(200, 4, '110191206', 'Aga Walessa', 'Laki - Laki', 'IOS', 0, '2021-05-27 09:17:57'),
(201, 4, '110191206', 'Aga Walessa', 'Laki - Laki', 'IOS', 6.06, '2021-05-27 09:18:31'),
(202, 83, '150600127', 'Yoppy Sukmandar', 'Laki - Laki', 'Engineering', 1.92, '2021-05-27 10:46:03'),
(203, 87, 'O201200072', 'Zulwisal', 'Laki - Laki', 'Human Capital', 2.46, '2021-05-27 11:29:30'),
(204, 23, '080900030', 'Bugi Novriyanto', 'Laki - Laki', 'Produksi', 10.75, '2021-05-27 11:33:38'),
(205, 87, 'O201200072', 'Zulwisal', 'Laki - Laki', 'Human Capital', 0.47, '2021-05-27 16:24:41'),
(206, 81, '200100031', 'Windy Adriany Kacaribu', 'Perempuan', 'Human Capital', 3.11, '2021-05-27 19:19:46'),
(207, 23, '080900030', 'Bugi Novriyanto', 'Laki - Laki', 'Produksi', 11.42, '2021-05-27 20:24:07'),
(208, 83, '150600127', 'Yoppy Sukmandar', 'Laki - Laki', 'Engineering', 4.13, '2021-05-27 21:19:33'),
(209, 1, '070100001', 'Adi Setiahadi', 'Laki - Laki', 'Produksi', 6.02, '2021-05-27 23:02:18'),
(210, 4, '110191206', 'Aga Walessa', 'Laki - Laki', 'IOS', 3.16, '2021-05-27 23:15:48'),
(211, 4, '110191206', 'Aga Walessa', 'Laki - Laki', 'IOS', 3.16, '2021-05-27 23:22:20'),
(212, 4, '110191206', 'Aga Walessa', 'Laki - Laki', 'IOS', 6.99, '2021-05-28 06:17:37'),
(213, 41, '110900055', 'Hermansyah', 'Laki - Laki', 'IOS', 18, '2021-05-28 07:23:04'),
(214, 4, '110191206', 'Aga Walessa', 'Laki - Laki', 'IOS', 1.71, '2021-05-28 09:08:47'),
(215, 23, '080900030', 'Bugi Novriyanto', 'Laki - Laki', 'Produksi', 1, '2021-05-28 19:18:20'),
(216, 83, '150600127', 'Yoppy Sukmandar', 'Laki - Laki', 'Engineering', 3.47, '2021-05-28 19:19:54'),
(217, 83, '150600127', 'Yoppy Sukmandar', 'Laki - Laki', 'Engineering', 3.47, '2021-05-28 19:19:54'),
(218, 4, '110191206', 'Aga Walessa', 'Laki - Laki', 'IOS', 6.1, '2021-05-28 19:28:23'),
(219, 15, '060500015', 'Apolonia Laurensia Lunawati', 'Perempuan', 'HRGA Mnf', 3.57, '2021-05-28 20:59:46'),
(220, 10, '120500031', 'Akhmad Makhali', 'Laki - Laki', 'MDP', 6.12, '2021-05-28 22:06:39'),
(221, 68, '180500115', 'Ridwan Nugraha', 'Laki - Laki', 'QA', 3.14, '2021-05-29 06:30:00'),
(222, 18, '180600122', 'B Rismisari H', 'Perempuan', 'Human Capital', 0.34, '2021-05-29 07:01:28'),
(223, 18, '180600122', 'B Rismisari H', 'Perempuan', 'Human Capital', 0.84, '2021-05-29 07:01:42'),
(224, 18, '180600122', 'B Rismisari H', 'Perempuan', 'Human Capital', 0.26, '2021-05-29 07:01:59'),
(225, 25, 'K200900257', 'Chandra prawira', 'Laki - Laki', 'Human Capital', 1.84, '2021-05-29 07:49:26'),
(226, 82, '120192510', 'Yayat Hidayat', 'Laki - Laki', 'Produksi', 9.09, '2021-05-29 08:23:05'),
(227, 18, '180600122', 'B Rismisari H', 'Perempuan', 'Human Capital', 5.62, '2021-05-29 09:23:49'),
(228, 18, '180600122', 'B Rismisari H', 'Perempuan', 'Human Capital', 0.94, '2021-05-29 15:49:54'),
(229, 40, '150300085', 'GLENN CHANDRA', 'Laki - Laki', 'IDC / PRODEV PO', 4.28, '2021-05-30 07:22:56'),
(230, 60, '061200041', 'Munadih', 'Laki - Laki', 'Produksi', 8.21, '2021-05-30 08:44:20'),
(231, 68, '180500115', 'Ridwan Nugraha', 'Laki - Laki', 'QA', 4.37, '2021-05-30 09:31:06'),
(232, 23, '080900030', 'Bugi Novriyanto', 'Laki - Laki', 'Produksi', 12.61, '2021-05-30 11:12:39'),
(233, 18, '180600122', 'B Rismisari H', 'Perempuan', 'Human Capital', 1, '2021-05-30 13:48:46'),
(234, 29, '201200194', 'Denlei Diyorossi', 'Laki - Laki', 'MDP', 4.2, '2021-05-30 17:13:17'),
(235, 82, '120192510', 'Yayat Hidayat', 'Laki - Laki', 'Produksi', 8.23, '2021-05-30 17:19:31'),
(236, 81, '200100031', 'Windy Adriany Kacaribu', 'Perempuan', 'Human Capital', 5.39, '2021-05-30 19:30:00'),
(237, 10, '120500031', 'Akhmad Makhali', 'Laki - Laki', 'MDP', 6.16, '2021-05-30 20:09:39'),
(238, 83, '150600127', 'Yoppy Sukmandar', 'Laki - Laki', 'Engineering', 3.44, '2021-05-30 21:15:57'),
(239, 80, '061100034', 'TIWIK SUYANTI', 'Perempuan', 'QA', 1.59, '2021-05-31 06:19:25'),
(240, 60, '061200041', 'Munadih', 'Laki - Laki', 'Produksi', 4.66, '2021-05-31 07:21:58'),
(241, 35, '120192504', 'Eko Aries Santoso', 'Laki - Laki', 'Engineering', 7.36, '2021-05-31 12:18:47'),
(242, 41, '110900055', 'Hermansyah', 'Laki - Laki', 'IOS', 10, '2021-05-31 19:58:13'),
(243, 47, '200500092', 'Irvan Hasan', 'Laki - Laki', 'Engineering', 4.59, '2021-05-31 21:36:09'),
(244, 47, '200500092', 'Irvan Hasan', 'Laki - Laki', 'Engineering', 1.4, '2021-05-31 21:37:50'),
(245, 4, '110191206', 'Aga Walessa', 'Laki - Laki', 'IOS', 9.4, '2021-06-01 05:12:41'),
(246, 13, '160200097', 'Alit Pradana', 'Laki - Laki', 'Produksi', 4.08, '2021-06-01 07:48:25'),
(247, 40, '150300085', 'GLENN CHANDRA', 'Laki - Laki', 'IDC / PRODEV PO', 4.04, '2021-06-01 07:49:18'),
(248, 60, '061200041', 'Munadih', 'Laki - Laki', 'Produksi', 7.07, '2021-06-01 08:17:25'),
(249, 31, '070400068', 'Dwi Isdaryanto', 'Laki - Laki', 'Warehouse', 22.75, '2021-06-01 09:31:59'),
(250, 15, '060500015', 'Apolonia Laurensia Lunawati', 'Perempuan', 'HRGA Mnf', 4.88, '2021-06-01 09:56:53'),
(251, 23, '080900030', 'Bugi Novriyanto', 'Laki - Laki', 'Produksi', 13.31, '2021-06-01 10:03:48'),
(252, 70, '180100012', 'Rudi Rosidin', 'Laki - Laki', 'ENG', 0.6, '2021-06-01 13:30:02'),
(253, 70, '180100012', 'Rudi Rosidin', 'Laki - Laki', 'ENG', 1.2, '2021-06-01 13:30:31'),
(254, 70, '180100012', 'Rudi Rosidin', 'Laki - Laki', 'ENG', 0.31, '2021-06-01 13:37:42'),
(255, 70, '180100012', 'Rudi Rosidin', 'Laki - Laki', 'ENG', 1.2, '2021-06-01 16:09:32'),
(256, 82, '120192510', 'Yayat Hidayat', 'Laki - Laki', 'Produksi', 8.12, '2021-06-01 16:58:38'),
(257, 83, '150600127', 'Yoppy Sukmandar', 'Laki - Laki', 'Engineering', 1.81, '2021-06-01 20:17:27'),
(258, 40, '150300085', 'GLENN CHANDRA', 'Laki - Laki', 'IDC / PRODEV PO', 3.92, '2021-06-02 06:40:26'),
(259, 29, '201200194', 'Denlei Diyorossi', 'Laki - Laki', 'MDP', 0.7, '2021-06-02 08:08:03'),
(260, 63, '100300009', 'Nazarudin rachman sidik', 'Laki - Laki', 'MDP', 1.99, '2021-06-02 09:58:35'),
(261, 63, '100300009', 'Nazarudin rachman sidik', 'Laki - Laki', 'MDP', 10.02, '2021-06-02 09:58:50'),
(262, 29, '201200194', 'Denlei Diyorossi', 'Laki - Laki', 'MDP', 0.82, '2021-06-02 18:24:45'),
(263, 83, '150600127', 'Yoppy Sukmandar', 'Laki - Laki', 'Engineering', 2.86, '2021-06-02 19:39:41'),
(264, 23, '080900030', 'Bugi Novriyanto', 'Laki - Laki', 'Produksi', 5.51, '2021-06-02 20:04:18'),
(265, 41, '110900055', 'Hermansyah', 'Laki - Laki', 'IOS', 10, '2021-06-02 20:49:50'),
(266, 29, '201200194', 'Denlei Diyorossi', 'Laki - Laki', 'MDP', 0.74, '2021-06-03 07:58:10'),
(267, 90, '130793056', 'Novan Trianto', 'Laki - Laki', 'MDP', 8.16, '2021-06-03 13:05:45'),
(268, 70, '180100012', 'Rudi Rosidin', 'Laki - Laki', 'ENG', 1.2, '2021-06-03 16:19:46'),
(269, 66, 'K190900331', 'Rakha Adi Putra', 'Laki - Laki', 'BDA', 4.27, '2021-06-03 17:43:23'),
(270, 29, '201200194', 'Denlei Diyorossi', 'Laki - Laki', 'MDP', 0.7, '2021-06-03 17:46:32'),
(271, 27, '100892708', 'Dede Dodi Ginanjar', 'Laki - Laki', 'Produksi', 5.51, '2021-06-03 17:49:23'),
(272, 91, '130292511', 'Ahmad Sahroni', 'Laki - Laki', 'Produksi', 5.05, '2021-06-03 18:12:22'),
(273, 59, '120892523', 'Mukti Wibowo', 'Laki - Laki', 'WH', 3.49, '2021-06-03 18:20:01'),
(274, 59, '120892523', 'Mukti Wibowo', 'Laki - Laki', 'WH', 4.77, '2021-06-03 18:20:46'),
(275, 59, '120892523', 'Mukti Wibowo', 'Laki - Laki', 'WH', 3.59, '2021-06-03 18:21:21'),
(276, 23, '080900030', 'Bugi Novriyanto', 'Laki - Laki', 'Produksi', 4, '2021-06-03 18:57:31'),
(277, 81, '200100031', 'Windy Adriany Kacaribu', 'Perempuan', 'Human Capital', 6.33, '2021-06-03 19:06:59'),
(278, 90, '130793056', 'Novan Trianto', 'Laki - Laki', 'MDP', 4.56, '2021-06-03 21:17:56'),
(279, 29, '201200194', 'Denlei Diyorossi', 'Laki - Laki', 'MDP', 0.84, '2021-06-04 07:41:56'),
(280, 41, '110900055', 'Hermansyah', 'Laki - Laki', 'IOS', 20, '2021-06-04 08:16:36');

-- --------------------------------------------------------

--
-- Table structure for table `tr_virtual_runupdate`
--

CREATE TABLE `tr_virtual_runupdate` (
  `intVirtualRunID` int(11) NOT NULL,
  `intUserID` int(11) NOT NULL,
  `txtNIK` varchar(15) NOT NULL,
  `txtName` varchar(30) NOT NULL,
  `txtJenisKelamin` varchar(15) NOT NULL,
  `txtDepartement` varchar(15) NOT NULL,
  `intDistance` float NOT NULL,
  `imgUpload` text NOT NULL,
  `TimeStamp` datetime NOT NULL DEFAULT CURRENT_TIMESTAMP
) ENGINE=InnoDB DEFAULT CHARSET=latin1;

--
-- Dumping data for table `tr_virtual_runupdate`
--

INSERT INTO `tr_virtual_runupdate` (`intVirtualRunID`, `intUserID`, `txtNIK`, `txtName`, `txtJenisKelamin`, `txtDepartement`, `intDistance`, `imgUpload`, `TimeStamp`) VALUES
(3, 9, '130793038', 'Ajat Japar', 'Laki - Laki', 'Produksi', 6.72, '0', '2021-05-14 23:58:25'),
(4, 60, '061200041', 'Munadih', 'Laki - Laki', 'Produksi', 3.75, '0', '2021-05-15 00:26:24'),
(5, 48, '100692707', 'Iwan Hermawan', 'Laki - Laki', 'WHS', 7.46, '0', '2021-05-15 00:08:29'),
(6, 40, '150300085', 'GLENN CHANDRA', 'Laki - Laki', 'IDC / PRODEV PO', 4.01, '0', '2021-05-15 00:17:28'),
(7, 82, '120192510', 'Yayat Hidayat', 'Laki - Laki', 'Produksi', 2.65, '0', '2021-05-15 00:37:50'),
(8, 82, '120192510', 'Yayat Hidayat', 'Laki - Laki', 'Produksi', 2.59, '0', '2021-05-15 01:09:14'),
(9, 29, '201200194', 'Denlei Diyorossi', 'Laki - Laki', 'MDP', 2.33, '0', '2021-05-15 02:16:42'),
(10, 4, '110191206', 'Aga Walessa', 'Laki - Laki', 'IOS', 29.55, '0', '2021-05-15 04:53:58'),
(11, 52, '130193020', 'Kanda', 'Laki - Laki', 'Warehouse', 10.12, '0', '2021-05-15 05:08:27'),
(12, 82, '120192510', 'Yayat Hidayat', 'Laki - Laki', 'Produksi', 2.12, '0', '2021-05-15 10:01:04'),
(15, 18, '180600122', 'B Rismisari H', 'Perempuan', 'Human Capital', 0.7, '0', '2021-05-15 10:08:07'),
(16, 10, '120500031', 'Akhmad Makhali', 'Laki - Laki', 'MDP', 4.12, '0', '2021-05-15 12:41:19'),
(17, 83, '150600127', 'Yoppy Sukmandar', 'Laki - Laki', 'Engineering', 3.5, '0', '2021-05-15 13:09:33'),
(18, 70, '180100012', 'Rudi Rosidin', 'Laki - Laki', 'ENG', 2.42, '0', '2021-05-16 00:04:12'),
(19, 60, '061200041', 'Munadih', 'Laki - Laki', 'Produksi', 5.34, '0', '2021-05-16 01:27:59'),
(20, 40, '150300085', 'GLENN CHANDRA', 'Laki - Laki', 'IDC / PRODEV PO', 4.02, '0', '2021-05-16 00:21:39'),
(21, 74, '210100004', 'Setyo Dewi Utari', 'Perempuan', 'Human Capital', 0.6, '0', '2021-05-16 02:11:17'),
(22, 74, '210100004', 'Setyo Dewi Utari', 'Perempuan', 'Human Capital', 0.19, '0', '2021-05-16 02:13:26'),
(23, 68, '180500115', 'Ridwan Nugraha', 'Laki - Laki', 'QA', 3.36, '0', '2021-05-16 02:43:16'),
(25, 31, '070400068', 'Dwi Isdaryanto', 'Laki - Laki', 'Warehouse', 10.08, '0', '2021-05-16 02:43:32'),
(26, 52, '130193020', 'Kanda', 'Laki - Laki', 'Warehouse', 10.6, '0', '2021-05-16 02:50:10'),
(35, 47, '200500092', 'Irvan Hasan', 'Laki - Laki', 'Engineering', 7.92, '0', '2021-05-16 07:46:27'),
(38, 29, '201200194', 'Denlei Diyorossi', 'Laki - Laki', 'MDP', 3.38, '0', '2021-05-16 10:02:48'),
(39, 10, '120500031', 'Akhmad Makhali', 'Laki - Laki', 'MDP', 3.39, '0', '2021-05-16 10:18:53'),
(42, 82, '120192510', 'Yayat Hidayat', 'Laki - Laki', 'Produksi', 2.36, '0', '2021-05-16 10:27:01'),
(43, 83, '150600127', 'Yoppy Sukmandar', 'Laki - Laki', 'Engineering', 3.26, '0', '2021-05-16 12:47:02'),
(45, 41, '110900055', 'Hermansyah', 'Laki - Laki', 'IOS', 17.34, '0', '2021-05-16 14:20:10'),
(47, 27, '100892708', 'Dede Dodi Ginanjar', 'Laki - Laki', 'Produksi', 6.75, '0', '2021-05-16 23:52:55'),
(50, 4, '110191206', 'Aga Walessa', 'Laki - Laki', 'IOS', 0.72, '0', '2021-05-17 00:00:05'),
(53, 9, '130793038', 'Ajat Japar', 'Laki - Laki', 'Produksi', 10.18, '0', '2021-05-17 08:50:07'),
(62, 90, '130793056', 'Novan Trianto', 'Laki - Laki', 'MDP', 1.3, '0', '2021-05-17 10:03:33'),
(63, 52, '130193020', 'Kanda', 'Laki - Laki', 'Warehouse', 9.6, '0', '2021-05-17 10:32:20'),
(64, 26, 'O201000062', 'Dani Suryatman', 'Laki - Laki', 'Human Capital', 1.69, '0', '2021-05-17 17:36:47'),
(65, 23, '080900030', 'Bugi Novriyanto', 'Laki - Laki', 'Produksi', 8.75, '0', '2021-05-17 18:10:55'),
(66, 23, '080900030', 'Bugi Novriyanto', 'Laki - Laki', 'Produksi', 5.18, '0', '2021-05-17 18:13:29'),
(67, 41, '110900055', 'Hermansyah', 'Laki - Laki', 'IOS', 17.2, '0', '2021-05-17 20:11:18'),
(68, 83, '150600127', 'Yoppy Sukmandar', 'Laki - Laki', 'Engineering', 4.9, '0', '2021-05-17 20:49:57'),
(69, 40, '150300085', 'GLENN CHANDRA', 'Laki - Laki', 'IDC / PRODEV PO', 0.81, '0', '2021-05-17 21:28:41'),
(70, 63, '100300009', 'Nazarudin rachman sidik', 'Laki - Laki', 'MDP', 10, '0', '2021-05-18 05:09:50'),
(71, 63, '100300009', 'Nazarudin rachman sidik', 'Laki - Laki', 'MDP', 1.36, '0', '2021-05-18 05:10:15'),
(72, 90, '130793056', 'Novan Trianto', 'Laki - Laki', 'MDP', 1.73, '0', '2021-05-18 07:11:28'),
(73, 23, '080900030', 'Bugi Novriyanto', 'Laki - Laki', 'Produksi', 7.42, '0', '2021-05-18 09:22:39'),
(74, 87, 'O201200072', 'Zulwisal', 'Laki - Laki', 'Human Capital', 54, '0', '2021-05-18 14:37:32'),
(75, 1, '070100001', 'Adi Setiahadi', 'Laki - Laki', 'Produksi', 5.05, '0', '2021-05-18 18:13:27'),
(77, 23, '080900030', 'Bugi Novriyanto', 'Laki - Laki', 'Produksi', 5.1, '0', '2021-05-18 18:48:01'),
(78, 41, '110900055', 'Hermansyah', 'Laki - Laki', 'IOS', 26.1, '0', '2021-05-18 20:30:08'),
(79, 83, '150600127', 'Yoppy Sukmandar', 'Laki - Laki', 'Engineering', 1.83, '0', '2021-05-19 04:32:02'),
(80, 54, '190700187', 'Mahmud Fauji', 'Laki - Laki', 'Produksi', 3.28, '0', '2021-05-19 06:02:12'),
(81, 87, 'O201200072', 'Zulwisal', 'Laki - Laki', 'Human Capital', 2.4, '0', '2021-05-19 10:29:19'),
(82, 26, 'O201000062', 'Dani Suryatman', 'Laki - Laki', 'Human Capital', 2.11, '0', '2021-05-19 16:31:38'),
(83, 81, '200100031', 'Windy Adriany Kacaribu', 'Perempuan', 'Human Capital', 3.01, '0', '2021-05-19 18:39:58'),
(84, 18, '180600122', 'B Rismisari H', 'Perempuan', 'Human Capital', 2.32, '0', '2021-05-19 19:31:55'),
(85, 83, '150600127', 'Yoppy Sukmandar', 'Laki - Laki', 'Engineering', 1.85, '0', '2021-05-19 22:31:21'),
(86, 41, '110900055', 'Hermansyah', 'Laki - Laki', 'IOS', 20.2, '0', '2021-05-20 05:34:14'),
(87, 54, '190700187', 'Mahmud Fauji', 'Laki - Laki', 'Produksi', 3.24, '0', '2021-05-20 05:59:23'),
(88, 27, '100892708', 'Dede Dodi Ginanjar', 'Laki - Laki', 'Produksi', 7.2, '0', '2021-05-20 06:54:48'),
(89, 81, '200100031', 'Windy Adriany Kacaribu', 'Perempuan', 'Human Capital', 2.71, '0', '2021-05-20 07:42:54'),
(90, 82, '120192510', 'Yayat Hidayat', 'Laki - Laki', 'Produksi', 2.13, '0', '2021-05-20 17:22:09'),
(91, 23, '080900030', 'Bugi Novriyanto', 'Laki - Laki', 'Produksi', 10.03, '0', '2021-05-20 18:29:52'),
(92, 1, '070100001', 'Adi Setiahadi', 'Laki - Laki', 'Produksi', 5.07, '0', '2021-05-20 18:46:24'),
(93, 47, '200500092', 'Irvan Hasan', 'Laki - Laki', 'Engineering', 3.09, '0', '2021-05-20 19:02:04'),
(95, 47, '200500092', 'Irvan Hasan', 'Laki - Laki', 'Engineering', 3.9, '0', '2021-05-20 19:03:47'),
(96, 47, '200500092', 'Irvan Hasan', 'Laki - Laki', 'Engineering', 2.88, '0', '2021-05-20 19:04:29'),
(97, 47, '200500092', 'Irvan Hasan', 'Laki - Laki', 'Engineering', 3.77, '0', '2021-05-20 19:04:57'),
(98, 83, '150600127', 'Yoppy Sukmandar', 'Laki - Laki', 'Engineering', 1.62, '0', '2021-05-20 19:50:54'),
(99, 54, '190700187', 'Mahmud Fauji', 'Laki - Laki', 'Produksi', 3.19, '0', '2021-05-21 05:56:13'),
(100, 18, '180600122', 'B Rismisari H', 'Perempuan', 'Human Capital', 1.09, '0', '2021-05-21 07:17:13'),
(101, 18, '180600122', 'B Rismisari H', 'Perempuan', 'Human Capital', 0.97, '0', '2021-05-21 07:17:55'),
(102, 81, '200100031', 'Windy Adriany Kacaribu', 'Perempuan', 'Human Capital', 2.21, '0', '2021-05-21 08:00:38'),
(105, 91, '130292511', 'Ahmad Sahroni', 'Laki - Laki', 'Produksi', 4.28, '0', '2021-05-21 08:50:35'),
(106, 31, '070400068', 'Dwi Isdaryanto', 'Laki - Laki', 'Warehouse', 5.94, '0', '2021-05-21 11:54:17');

--
-- Indexes for dumped tables
--

--
-- Indexes for table `filename_virtual_bike`
--
ALTER TABLE `filename_virtual_bike`
  ADD PRIMARY KEY (`intVirtualBikeID`);

--
-- Indexes for table `filename_virtual_run`
--
ALTER TABLE `filename_virtual_run`
  ADD PRIMARY KEY (`intVirtualRunID`);

--
-- Indexes for table `mkaryawan`
--
ALTER TABLE `mkaryawan`
  ADD PRIMARY KEY (`intUserID`);

--
-- Indexes for table `mtarget_event`
--
ALTER TABLE `mtarget_event`
  ADD PRIMARY KEY (`intTargetEventID`);

--
-- Indexes for table `tr_virtual_bike`
--
ALTER TABLE `tr_virtual_bike`
  ADD PRIMARY KEY (`intVirtualBikeID`);

--
-- Indexes for table `tr_virtual_bikeupdate`
--
ALTER TABLE `tr_virtual_bikeupdate`
  ADD PRIMARY KEY (`intVirtualBikeID`);

--
-- Indexes for table `tr_virtual_run`
--
ALTER TABLE `tr_virtual_run`
  ADD PRIMARY KEY (`intVirtualRunID`);

--
-- Indexes for table `tr_virtual_runupdate`
--
ALTER TABLE `tr_virtual_runupdate`
  ADD PRIMARY KEY (`intVirtualRunID`);

--
-- AUTO_INCREMENT for dumped tables
--

--
-- AUTO_INCREMENT for table `filename_virtual_bike`
--
ALTER TABLE `filename_virtual_bike`
  MODIFY `intVirtualBikeID` int(11) NOT NULL AUTO_INCREMENT, AUTO_INCREMENT=257;

--
-- AUTO_INCREMENT for table `filename_virtual_run`
--
ALTER TABLE `filename_virtual_run`
  MODIFY `intVirtualRunID` int(11) NOT NULL AUTO_INCREMENT, AUTO_INCREMENT=266;

--
-- AUTO_INCREMENT for table `mkaryawan`
--
ALTER TABLE `mkaryawan`
  MODIFY `intUserID` int(11) NOT NULL AUTO_INCREMENT, AUTO_INCREMENT=98;

--
-- AUTO_INCREMENT for table `mtarget_event`
--
ALTER TABLE `mtarget_event`
  MODIFY `intTargetEventID` int(11) NOT NULL AUTO_INCREMENT, AUTO_INCREMENT=2;

--
-- AUTO_INCREMENT for table `tr_virtual_bike`
--
ALTER TABLE `tr_virtual_bike`
  MODIFY `intVirtualBikeID` int(11) NOT NULL AUTO_INCREMENT, AUTO_INCREMENT=262;

--
-- AUTO_INCREMENT for table `tr_virtual_bikeupdate`
--
ALTER TABLE `tr_virtual_bikeupdate`
  MODIFY `intVirtualBikeID` int(11) NOT NULL AUTO_INCREMENT, AUTO_INCREMENT=85;

--
-- AUTO_INCREMENT for table `tr_virtual_run`
--
ALTER TABLE `tr_virtual_run`
  MODIFY `intVirtualRunID` int(11) NOT NULL AUTO_INCREMENT, AUTO_INCREMENT=281;

--
-- AUTO_INCREMENT for table `tr_virtual_runupdate`
--
ALTER TABLE `tr_virtual_runupdate`
  MODIFY `intVirtualRunID` int(11) NOT NULL AUTO_INCREMENT, AUTO_INCREMENT=107;
COMMIT;

/*!40101 SET CHARACTER_SET_CLIENT=@OLD_CHARACTER_SET_CLIENT */;
/*!40101 SET CHARACTER_SET_RESULTS=@OLD_CHARACTER_SET_RESULTS */;
/*!40101 SET COLLATION_CONNECTION=@OLD_COLLATION_CONNECTION */;
